Unnamed: 0,מספר קרן,מספר מסלול,מאפיין עיקרי,חודש הנפקת שכבה,חודש הבדיקה,"שווי הנכסים באפיק (באלפי ש""ח)",שיעור מסך נכסי ההשקעה,Unnamed: 8
,168,12155.0,החזקה באפיק השקעה מובטח תשואה,,,146305.54538,0.005204,
,168,12155.0,החזקה באפיק השקעה מובטח תשואה,,,348542.06668,0.012399,
,168,12155.0,החזקה באפיק השקעה מובטח תשואה,,,186338.12992,0.006629,
,168,12155.0,החזקה באפיק השקעה מובטח תשואה,,,281177.53503,0.010003,
,168,12155.0,החזקה באפיק השקעה מובטח תשואה,,,218747.1716,0.007782,
,168,12155.0,החזקה באפיק השקעה מובטח תשואה,,,241633.33345,0.008596,
,168,12155.0,החזקה באפיק השקעה מובטח תשואה,,,215420.3049,0.007663,
,168,12155.0,החזקה באפיק השקעה מובטח תשואה,,,166035.86546,0.005906,
,168,12155.0,החזקה באפיק השקעה מובטח תשואה,,,161013.90642,0.005728,
,168,12155.0,החזקה באפיק השקעה מובטח תשואה,,,102601.15379,0.00365,
,168,12155.0,החזקה באפיק השקעה מובטח תשואה,,,215595.14741,0.007669,
,168,12155.0,החזקה באפיק השקעה מובטח תשואה,,,47479.03628,0.001689,
,168,12155.0,החזקה באפיק השקעה מובטח תשואה,,,419844.98355,0.014936,
,168,12155.0,החזקה באפיק השקעה מובטח תשואה,,,136777.73625,0.004865,
,168,12155.0,החזקה באפיק השקעה מובטח תשואה,,,335346.77142,0.01193,
,168,12155.0,החזקה באפיק השקעה מובטח תשואה,,,197671.96808,0.007032,
,168,12155.0,החזקה באפיק השקעה מובטח תשואה,,,144755.96214,0.005149,
,168,12155.0,החזקה באפיק השקעה מובטח תשואה,,,258636.87953,0.009201,
,168,12155.0,החזקה באפיק השקעה מובטח תשואה,,,188173.23526,0.006694,
,168,12155.0,החזקה באפיק השקעה מובטח תשואה,,,15366.72643,0.000546,
,168,12155.0,החזקה באפיק השקעה מובטח תשואה,,,302864.72727,0.010774,
,168,12155.0,החזקה באפיק השקעה מובטח תשואה,,,356235.51078,0.012673,
,168,13303.0,החזקה באפיק השקעה מובטח תשואה,,,5400.30917,0.002237,
,168,13303.0,החזקה באפיק השקעה מובטח תשואה,,,9648.7847,0.003997,
,168,13303.0,החזקה באפיק השקעה מובטח תשואה,,,12510.54685,0.005183,
,168,13303.0,החזקה באפיק השקעה מובטח תשואה,,,13289.8284,0.005506,
,168,13303.0,החזקה באפיק השקעה מובטח תשואה,,,7374.4095,0.003055,
,168,13303.0,החזקה באפיק השקעה מובטח תשואה,,,10489.69313,0.004345,
,168,13303.0,החזקה באפיק השקעה מובטח תשואה,,,8160.64734,0.003381,
,168,13303.0,החזקה באפיק השקעה מובטח תשואה,,,7020.04694,0.002908,
,168,13303.0,החזקה באפיק השקעה מובטח תשואה,,,5458.11839,0.002261,
,168,13303.0,החזקה באפיק השקעה מובטח תשואה,,,8036.53426,0.003329,
,168,13303.0,החזקה באפיק השקעה מובטח תשואה,,,6006.8329,0.002488,
,168,13303.0,החזקה באפיק השקעה מובטח תשואה,,,6951.58595,0.00288,
,168,13303.0,החזקה באפיק השקעה מובטח תשואה,,,8043.05698,0.003332,
,168,13303.0,החזקה באפיק השקעה מובטח תשואה,,,3827.6693,0.001585,
,168,13303.0,החזקה באפיק השקעה מובטח תשואה,,,6194.1836,0.002566,
,168,13303.0,החזקה באפיק השקעה מובטח תשואה,,,1771.26711,0.000733,
,168,13303.0,החזקה באפיק השקעה מובטח תשואה,,,11298.762,0.004681,
,168,13303.0,החזקה באפיק השקעה מובטח תשואה,,,13002.81447,0.005387,
,168,13303.0,החזקה באפיק השקעה מובטח תשואה,,,573.27569,0.000237,
,168,13303.0,החזקה באפיק השקעה מובטח תשואה,,,9014.44533,0.003734,
,168,13303.0,החזקה באפיק השקעה מובטח תשואה,,,5102.67109,0.002114,
,168,13303.0,החזקה באפיק השקעה מובטח תשואה,,,15662.86239,0.006489,
,168,13349.0,החזקה באפיק השקעה מובטח תשואה,,,1187.08171,0.003497,
,168,13349.0,החזקה באפיק השקעה מובטח תשואה,,,1025.99056,0.003023,
,168,13349.0,החזקה באפיק השקעה מובטח תשואה,,,564.92901,0.001664,
,168,13349.0,החזקה באפיק השקעה מובטח תשואה,,,1961.45722,0.005779,
,168,13349.0,החזקה באפיק השקעה מובטח תשואה,,,1088.39545,0.003206,
,168,13349.0,החזקה באפיק השקעה מובטח תשואה,,,84.61025,0.000249,
,168,13349.0,החזקה באפיק השקעה מובטח תשואה,,,2311.69535,0.006811,
,168,13349.0,החזקה באפיק השקעה מובטח תשואה,,,1919.09659,0.005654,
,168,13349.0,החזקה באפיק השקעה מובטח תשואה,,,1186.11901,0.003494,
,168,13349.0,החזקה באפיק השקעה מובטח תשואה,,,797.03628,0.002348,
,168,13349.0,החזקה באפיק השקעה מובטח תשואה,,,1036.09477,0.003052,
,168,13349.0,החזקה באפיק השקעה מובטח תשואה,,,805.56839,0.002373,
,168,13349.0,החזקה באפיק השקעה מובטח תשואה,,,1548.18284,0.004561,
,168,13349.0,החזקה באפיק השקעה מובטח תשואה,,,1330.44975,0.00392,
,168,13349.0,החזקה באפיק השקעה מובטח תשואה,,,886.55364,0.002612,
,168,13349.0,החזקה באפיק השקעה מובטח תשואה,,,1667.59402,0.004913,
,168,13349.0,החזקה באפיק השקעה מובטח תשואה,,,1204.43697,0.003548,
,168,13349.0,החזקה באפיק השקעה מובטח תשואה,,,753.10762,0.002219,
,168,13349.0,החזקה באפיק השקעה מובטח תשואה,,,914.20489,0.002693,
,168,13349.0,החזקה באפיק השקעה מובטח תשואה,,,1424.07244,0.004196,
,168,13349.0,החזקה באפיק השקעה מובטח תשואה,,,1846.44238,0.00544,
,168,13349.0,החזקה באפיק השקעה מובטח תשואה,,,261.42284,0.00077,
,168,13350.0,החזקה באפיק השקעה מובטח תשואה,,,22570.01075,0.003506,
,168,13350.0,החזקה באפיק השקעה מובטח תשואה,,,25316.40151,0.003933,
,168,13350.0,החזקה באפיק השקעה מובטח תשואה,,,31731.73556,0.004929,
,168,13350.0,החזקה באפיק השקעה מובטח תשואה,,,14330.47353,0.002226,
,168,13350.0,החזקה באפיק השקעה מובטח תשואה,,,16869.74494,0.00262,
,168,13350.0,החזקה באפיק השקעה מובטח תשואה,,,19715.28146,0.003062,
,168,13350.0,החזקה באפיק השקעה מובטח תשואה,,,19523.01385,0.003033,
,168,13350.0,החזקה באפיק השקעה מובטח תשואה,,,29459.5256,0.004576,
,168,13350.0,החזקה באפיק השקעה מובטח תשואה,,,37323.49795,0.005798,
,168,13350.0,החזקה באפיק השקעה מובטח תשואה,,,36517.44061,0.005673,
,168,13350.0,החזקה באפיק השקעה מובטח תשואה,,,22918.57314,0.00356,
,168,13350.0,החזקה באפיק השקעה מובטח תשואה,,,27097.89661,0.004209,
,168,13350.0,החזקה באפיק השקעה מובטח תשואה,,,35134.94347,0.005458,
,168,13350.0,החזקה באפיק השקעה מובטח תשואה,,,20710.48245,0.003217,
,168,13350.0,החזקה באפיק השקעה מובטח תשואה,,,15166.36801,0.002356,
,168,13350.0,החזקה באפיק השקעה מובטח תשואה,,,43987.98802,0.006833,
,168,13350.0,החזקה באפיק השקעה מובטח תשואה,,,15328.72091,0.002381,
,168,13350.0,החזקה באפיק השקעה מובטח תשואה,,,1610.00227,0.00025,
,168,13350.0,החזקה באפיק השקעה מובטח תשואה,,,4974.47239,0.000772,
,168,13350.0,החזקה באפיק השקעה מובטח תשואה,,,22588.32934,0.003509,
,168,13350.0,החזקה באפיק השקעה מובטח תשואה,,,10749.7255,0.00167,
,168,13350.0,החזקה באפיק השקעה מובטח תשואה,,,17395.90551,0.002702,
,168,13887.0,החזקה באפיק השקעה מובטח תשואה,,,59516.36325,0.003441,
,168,13887.0,החזקה באפיק השקעה מובטח תשואה,,,4245.52213,0.000245,
,168,13887.0,החזקה באפיק השקעה מובטח תשואה,,,115994.85277,0.006706,
,168,13887.0,החזקה באפיק השקעה מובטח תשואה,,,28346.66649,0.001639,
,168,13887.0,החזקה באפיק השקעה מובטח תשואה,,,59564.66877,0.003444,
,168,13887.0,החזקה באפיק השקעה מובטח תשואה,,,96295.26919,0.005567,
,168,13887.0,החזקה באפיק השקעה מובטח תשואה,,,40421.3242,0.002337,
,168,13887.0,החזקה באפיק השקעה מובטח תשואה,,,98420.8154,0.00569,
,168,13887.0,החזקה באפיק השקעה מובטח תשואה,,,54612.84934,0.003157,
,168,13887.0,החזקה באפיק השקעה מובטח תשואה,,,51988.53761,0.003005,
,168,13887.0,החזקה באפיק השקעה מובטח תשואה,,,39993.20505,0.002312,
,168,13887.0,החזקה באפיק השקעה מובטח תשואה,,,45872.42083,0.002652,
,168,13887.0,החזקה באפיק השקעה מובטח תשואה,,,13117.51727,0.000758,
,168,13887.0,החזקה באפיק השקעה מובטח תשואה,,,51481.53436,0.002976,
,168,13887.0,החזקה באפיק השקעה מובטח תשואה,,,77683.78343,0.004491,
,168,13887.0,החזקה באפיק השקעה מובטח תשואה,,,60435.51062,0.003494,
,168,13887.0,החזקה באפיק השקעה מובטח תשואה,,,71456.2468,0.004131,
,168,13887.0,החזקה באפיק השקעה מובטח תשואה,,,83675.52507,0.004838,
,168,13887.0,החזקה באפיק השקעה מובטח תשואה,,,92649.67047,0.005357,
,168,13887.0,החזקה באפיק השקעה מובטח תשואה,,,44484.95302,0.002572,
,168,13887.0,החזקה באפיק השקעה מובטח תשואה,,,37788.97926,0.002184,
,168,13887.0,החזקה באפיק השקעה מובטח תשואה,,,66758.50382,0.003859,
,168,14277.0,החזקה באפיק השקעה מובטח תשואה,,,1112.19966,0.002603,
,168,14277.0,החזקה באפיק השקעה מובטח תשואה,,,1618.59313,0.003789,
,168,14277.0,החזקה באפיק השקעה מובטח תשואה,,,1443.00383,0.003378,
,168,14277.0,החזקה באפיק השקעה מובטח תשואה,,,1260.48795,0.00295,
,168,14277.0,החזקה באפיק השקעה מובטח תשואה,,,916.2126,0.002144,
,168,14277.0,החזקה באפיק השקעה מובטח תשואה,,,1324.1157,0.003099,
,168,14277.0,החזקה באפיק השקעה מובטח תשואה,,,2246.33734,0.005258,
,168,14277.0,החזקה באפיק השקעה מובטח תשואה,,,1732.49225,0.004055,
,168,14277.0,החזקה באפיק השקעה מובטח תשואה,,,102.9348,0.00024,
,168,14277.0,החזקה באפיק השקעה מובטח תשואה,,,318.04073,0.000744,
,168,14277.0,החזקה באפיק השקעה מובטח תשואה,,,1444.17502,0.00338,
,168,14277.0,החזקה באפיק השקעה מובטח תשואה,,,2028.75473,0.004749,
,168,14277.0,החזקה באפיק השקעה מובטח תשואה,,,1465.28902,0.00343,
,168,14277.0,החזקה באפיק השקעה מובטח תשואה,,,2386.26162,0.005586,
,168,14277.0,החזקה באפיק השקעה מובטח תשואה,,,1883.48197,0.004409,
,168,14277.0,החזקה באפיק השקעה מובטח תשואה,,,980.03511,0.002294,
,168,14277.0,החזקה באפיק השקעה מובטח תשואה,,,969.65515,0.00227,
,168,14277.0,החזקה באפיק השקעה מובטח תשואה,,,687.27903,0.001608,
,168,14277.0,החזקה באפיק השקעה מובטח תשואה,,,2812.3529,0.006584,
,168,14277.0,החזקה באפיק השקעה מובטח תשואה,,,2334.7267,0.005465,
,168,14277.0,החזקה באפיק השקעה מובטח תשואה,,,1248.19541,0.002922,
,168,14277.0,החזקה באפיק השקעה מובטח תשואה,,,1078.55981,0.002525,
,168,14278.0,החזקה באפיק השקעה מובטח תשואה,,,3390.23798,0.005695,
,168,14278.0,החזקה באפיק השקעה מובטח תשואה,,,2050.12156,0.003444,
,168,14278.0,החזקה באפיק השקעה מובטח תשואה,,,1881.21339,0.00316,
,168,14278.0,החזקה באפיק השקעה מובטח תשואה,,,1377.61999,0.002314,
,168,14278.0,החזקה באפיק השקעה מובטח תשואה,,,146.24275,0.000245,
,168,14278.0,החזקה באפיק השקעה מובטח תשואה,,,3317.02067,0.005572,
,168,14278.0,החזקה באפיק השקעה מובטח תשואה,,,1580.13752,0.002654,
,168,14278.0,החזקה באפיק השקעה מובטח תשואה,,,451.85061,0.000759,
,168,14278.0,החזקה באפיק השקעה מובטח תשואה,,,3995.59945,0.006712,
,168,14278.0,החזקה באפיק השקעה מובטח תשואה,,,1532.34432,0.002574,
,168,14278.0,החזקה באפיק השקעה מובטח תשואה,,,1392.36713,0.002339,
,168,14278.0,החזקה באפיק השקעה מובטח תשואה,,,976.43923,0.00164,
,168,14278.0,החזקה באפיק השקעה מובטח תשואה,,,1773.35102,0.002979,
,168,14278.0,החזקה באפיק השקעה מובטח תשואה,,,2299.58687,0.003863,
,168,14278.0,החזקה באפיק השקעה מובטח תשואה,,,1301.69245,0.002186,
,168,14278.0,החזקה באפיק השקעה מובטח תשואה,,,2882.31653,0.004842,
,168,14278.0,החזקה באפיק השקעה מובטח תשואה,,,2675.92289,0.004495,
,168,14278.0,החזקה באפיק השקעה מובטח תשואה,,,2081.78283,0.003497,
,168,14278.0,החזקה באפיק השקעה מובטח תשואה,,,1790.81543,0.003008,
,168,14278.0,החזקה באפיק השקעה מובטח תשואה,,,3191.4431,0.005361,
,168,14278.0,החזקה באפיק השקעה מובטח תשואה,,,2461.40698,0.004135,
,168,14278.0,החזקה באפיק השקעה מובטח תשואה,,,2051.78551,0.003447,
,168,14348.0,החזקה באפיק השקעה מובטח תשואה,,,43.1549,0.003616,
,168,14348.0,החזקה באפיק השקעה מובטח תשואה,,,50.53455,0.004235,
,168,14348.0,החזקה באפיק השקעה מובטח תשואה,,,70.05331,0.005871,
,168,14348.0,החזקה באפיק השקעה מובטח תשואה,,,31.09148,0.002605,
,168,14348.0,החזקה באפיק השקעה מובטח תשואה,,,55.95435,0.004689,
,168,14348.0,החזקה באפיק השקעה מובטח תשואה,,,58.15605,0.004873,
,168,14348.0,החזקה באפיק השקעה מובטח תשואה,,,35.94399,0.003012,
,168,14348.0,החזקה באפיק השקעה מובטח תשואה,,,40.31777,0.003378,
,168,14348.0,החזקה באפיק השקעה מובטח תשואה,,,31.39768,0.002631,
,168,14348.0,החזקה באפיק השקעה מובטח תשואה,,,17.11953,0.001434,
,168,14348.0,החזקה באפיק השקעה מובטח תשואה,,,35.97317,0.003014,
,168,14348.0,החזקה באפיק השקעה מובטח תשואה,,,2.56402,0.000214,
,168,14348.0,החזקה באפיק השקעה מובטח תשואה,,,24.15328,0.002024,
,168,14348.0,החזקה באפיק השקעה מובטח תשואה,,,26.866,0.002251,
,168,14348.0,החזקה באפיק השקעה מובטח תשואה,,,36.4991,0.003058,
,168,14348.0,החזקה באפיק השקעה מובטח תשואה,,,27.70394,0.002321,
,168,14348.0,החזקה באפיק השקעה מובטח תשואה,,,22.82207,0.001912,
,168,14348.0,החזקה באפיק השקעה מובטח תשואה,,,24.41184,0.002045,
,168,14348.0,החזקה באפיק השקעה מובטח תשואה,,,32.98259,0.002764,
,168,14348.0,החזקה באפיק השקעה מובטח תשואה,,,46.91593,0.003931,
,168,14348.0,החזקה באפיק השקעה מובטח תשואה,,,59.43974,0.004981,
,168,14348.0,החזקה באפיק השקעה מובטח תשואה,,,7.92212,0.000663,
,168,15342.0,החזקה באפיק השקעה מובטח תשואה,,,2424.82971,0.003094,
,168,15342.0,החזקה באפיק השקעה מובטח תשואה,,,4535.59965,0.005787,
,168,15342.0,החזקה באפיק השקעה מובטח תשואה,,,1883.71836,0.002403,
,168,15342.0,החזקה באפיק השקעה מובטח תשואה,,,5463.46896,0.006971,
,168,15342.0,החזקה באפיק השקעה מובטח תשואה,,,2572.31765,0.003282,
,168,15342.0,החזקה באפיק השקעה מובטח תשואה,,,199.96817,0.000255,
,168,15342.0,החזקה באפיק השקעה מובטח תשואה,,,1335.15521,0.001703,
,168,15342.0,החזקה באפיק השקעה מובטח תשואה,,,2805.5531,0.003579,
,168,15342.0,החזקה באפיק השקעה מובטח תשואה,,,3941.19759,0.005028,
,168,15342.0,החזקה באפיק השקעה מובטח תשואה,,,2803.27786,0.003576,
,168,15342.0,החזקה באפיק השקעה מובטח תשואה,,,3658.9808,0.004668,
,168,15342.0,החזקה באפיק השקעה מובטח תשואה,,,4363.88845,0.005568,
,168,15342.0,החזקה באפיק השקעה מובטח תשואה,,,2448.71005,0.003124,
,168,15342.0,החזקה באפיק השקעה מובטח תשואה,,,2160.63507,0.002756,
,168,15342.0,החזקה באפיק השקעה מובטח תשואה,,,4635.71492,0.005915,
,168,15342.0,החזקה באפיק השקעה מובטח תשואה,,,617.84766,0.000788,
,168,15342.0,החזקה באפיק השקעה מובטח תשואה,,,1903.88319,0.002429,
,168,15342.0,החזקה באפיק השקעה מובטח תשואה,,,2095.28401,0.002673,
,168,15342.0,החזקה באפיק השקעה מובטח תשואה,,,1779.89721,0.002271,
,168,15342.0,החזקה באפיק השקעה מובטח תשואה,,,3365.65784,0.004294,
,168,15342.0,החזקה באפיק השקעה מובטח תשואה,,,3144.38964,0.004012,
,168,15342.0,החזקה באפיק השקעה מובטח תשואה,,,2846.57059,0.003632,
,168,2009.0,החזקה באפיק השקעה מובטח תשואה,,,290775.10822,0.002663,
,168,2009.0,החזקה באפיק השקעה מובטח תשואה,,,253508.06249,0.002322,
,168,2009.0,החזקה באפיק השקעה מובטח תשואה,,,26911.42379,0.000246,
,168,2009.0,החזקה באפיק השקעה מובטח תשואה,,,530400.60713,0.004859,
,168,2009.0,החזקה באפיק השקעה מובטח תשואה,,,377567.23312,0.003459,
,168,2009.0,החזקה באפיק השקעה מובטח תשואה,,,329543.8169,0.003019,
,168,2009.0,החזקה באפיק השקעה מובטח תשואה,,,179683.23598,0.001646,
,168,2009.0,החזקה באפיק השקעה מובטח תשואה,,,346178.74728,0.003171,
,168,2009.0,החזקה באפיק השקעה מובטח תשואה,,,623867.7343,0.005715,
,168,2009.0,החזקה באפיק השקעה מובטח תשואה,,,83149.03454,0.000761,
,168,2009.0,החזקה באפיק השקעה מובטח תשואה,,,383087.30657,0.003509,
,168,2009.0,החזקה באפיק השקעה מובטח תשואה,,,735265.66195,0.006736,
,168,2009.0,החזקה באפיק השקעה מובטח תשואה,,,492420.2849,0.004511,
,168,2009.0,החזקה באפיק השקעה מובטח תשואה,,,452945.31049,0.004149,
,168,2009.0,החזקה באפיק השקעה מובטח תשואה,,,239535.9638,0.002194,
,168,2009.0,החזקה באפיק השקעה מובטח תשואה,,,423167.35897,0.003876,
,168,2009.0,החזקה באפיק השקעה מובטח תשואה,,,281980.2573,0.002583,
,168,2009.0,החזקה באפיק השקעה מובטח תשואה,,,256221.81492,0.002347,
,168,2009.0,החזקה באפיק השקעה מובטח תשואה,,,587285.72575,0.00538,
,168,2009.0,החזקה באפיק השקעה מובטח תשואה,,,377261.03511,0.003456,
,168,2009.0,החזקה באפיק השקעה מובטח תשואה,,,326330.03563,0.002989,
,168,2009.0,החזקה באפיק השקעה מובטח תשואה,,,610394.36796,0.005592,
,168,2012.0,החזקה באפיק השקעה מובטח תשואה,,,20916.72363,0.00274,
,168,2012.0,החזקה באפיק השקעה מובטח תשואה,,,5981.27325,0.000783,
,168,2012.0,החזקה באפיק השקעה מובטח תשואה,,,27138.03413,0.003555,
,168,2012.0,החזקה באפיק השקעה מובטח תשואה,,,12925.40002,0.001693,
,168,2012.0,החזקה באפיק השקעה מובטח תשואה,,,27557.14328,0.00361,
,168,2012.0,החזקה באפיק השקעה מובטח תשואה,,,44877.53117,0.00588,
,168,2012.0,החזקה באפיק השקעה מובטח תשואה,,,1935.85626,0.000253,
,168,2012.0,החזקה באפיק השקעה מובטח תשואה,,,35421.94198,0.004641,
,168,2012.0,החזקה באפיק השקעה מובטח תשואה,,,23705.52619,0.003106,
,168,2012.0,החזקה באפיק השקעה מובטח תשואה,,,52890.87069,0.00693,
,168,2012.0,החזקה באפיק השקעה מובטח תשואה,,,18431.15432,0.002414,
,168,2012.0,החזקה באפיק השקעה מובטח תשואה,,,32582.33464,0.004269,
,168,2012.0,החזקה באפיק השקעה מובטח תשואה,,,27160.06029,0.003558,
,168,2012.0,החזקה באפיק השקעה מובטח תשואה,,,20284.07159,0.002657,
,168,2012.0,החזקה באפיק השקעה מובטח תשואה,,,38154.03245,0.004999,
,168,2012.0,החזקה באפיק השקעה מובטח תשואה,,,43908.33308,0.005753,
,168,2012.0,החזקה באפיק השקעה מובטח תשואה,,,17230.86817,0.002257,
,168,2012.0,החזקה באפיק השקעה מובטח תשואה,,,24902.14939,0.003262,
,168,2012.0,החזקה באפיק השקעה מובטח תשואה,,,30440.27652,0.003988,
,168,2012.0,החזקה באפיק השקעה מובטח תשואה,,,18235.94225,0.002389,
,168,2012.0,החזקה באפיק השקעה מובטח תשואה,,,42246.02751,0.005535,
,168,2012.0,החזקה באפיק השקעה מובטח תשואה,,,23474.34487,0.003075,
,168,2013.0,החזקה באפיק השקעה מובטח תשואה,,,48085.54009,0.004838,
,168,2013.0,החזקה באפיק השקעה מובטח תשואה,,,66658.38235,0.006707,
,168,2013.0,החזקה באפיק השקעה מובטח תשואה,,,29876.08273,0.003006,
,168,2013.0,החזקה באפיק השקעה מובטח תשואה,,,56559.16782,0.005691,
,168,2013.0,החזקה באפיק השקעה מובטח תשואה,,,34229.83323,0.003444,
,168,2013.0,החזקה באפיק השקעה מובטח תשואה,,,16289.88604,0.001639,
,168,2013.0,החזקה באפיק השקעה מובטח תשואה,,,7538.20071,0.000758,
,168,2013.0,החזקה באפיק השקעה מובטח תשואה,,,21716.06902,0.002185,
,168,2013.0,החזקה באפיק השקעה מובטח תשואה,,,55337.68714,0.005568,
,168,2013.0,החזקה באפיק השקעה מובטח תשואה,,,29584.72483,0.002977,
,168,2013.0,החזקה באפיק השקעה מובטח תשואה,,,2439.76031,0.000245,
,168,2013.0,החזקה באפיק השקעה מובטח תשואה,,,23228.79007,0.002337,
,168,2013.0,החזקה באפיק השקעה מובטח תשואה,,,34202.07365,0.003441,
,168,2013.0,החזקה באפיק השקעה מובטח תשואה,,,38363.89086,0.00386,
,168,2013.0,החזקה באפיק השקעה מובטח תשואה,,,34730.27706,0.003494,
,168,2013.0,החזקה באפיק השקעה מובטח תשואה,,,44642.28554,0.004492,
,168,2013.0,החזקה באפיק השקעה מובטח תשואה,,,22982.76423,0.002312,
,168,2013.0,החזקה באפיק השקעה מובטח תשואה,,,53242.68286,0.005357,
,168,2013.0,החזקה באפיק השקעה מובטח תשואה,,,26361.35392,0.002652,
,168,2013.0,החזקה באפיק השקעה מובטח תשואה,,,41063.52745,0.004132,
,168,2013.0,החזקה באפיק השקעה מובטח תשואה,,,31384.18736,0.003158,
,168,2013.0,החזקה באפיק השקעה מובטח תשואה,,,25564.02234,0.002572,
,168,2014.0,החזקה באפיק השקעה מובטח תשואה,,,43200.93567,0.00313,
,168,2014.0,החזקה באפיק השקעה מובטח תשואה,,,56524.73289,0.004096,
,168,2014.0,החזקה באפיק השקעה מובטח תשואה,,,31636.21564,0.002292,
,168,2014.0,החזקה באפיק השקעה מובטח תשואה,,,61450.96202,0.004453,
,168,2014.0,החזקה באפיק השקעה מובטח תשואה,,,47806.8923,0.003464,
,168,2014.0,החזקה באפיק השקעה מובטח תשואה,,,77854.77898,0.005642,
,168,2014.0,החזקה באפיק השקעה מובטח תשואה,,,31974.87492,0.002317,
,168,2014.0,החזקה באפיק השקעה מובטח תשואה,,,66190.66794,0.004797,
,168,2014.0,החזקה באפיק השקעה מובטח תשואה,,,10376.47782,0.000752,
,168,2014.0,החזקה באפיק השקעה מובטח תשואה,,,47079.81018,0.003411,
,168,2014.0,החזקה באפיק השקעה מובטח תשואה,,,40723.94099,0.002951,
,168,2014.0,החזקה באפיק השקעה מובטח תשואה,,,76173.3874,0.00552,
,168,2014.0,החזקה באפיק השקעה מובטח תשואה,,,36286.90913,0.002629,
,168,2014.0,החזקה באפיק השקעה מובטח תשואה,,,3358.37684,0.000243,
,168,2014.0,החזקה באפיק השקעה מובטח תשואה,,,52808.63137,0.003827,
,168,2014.0,החזקה באפיק השקעה מובטח תשואה,,,73289.57384,0.005311,
,168,2014.0,החזקה באפיק השקעה מובטח תשואה,,,29892.58539,0.002166,
,168,2014.0,החזקה באפיק השקעה מובטח תשואה,,,91756.54142,0.006649,
,168,2014.0,החזקה באפיק השקעה מובטח תשואה,,,35189.36692,0.00255,
,168,2014.0,החזקה באפיק השקעה מובטח תשואה,,,41125.00073,0.00298,
,168,2014.0,החזקה באפיק השקעה מובטח תשואה,,,22423.34049,0.001625,
,168,2014.0,החזקה באפיק השקעה מובטח תשואה,,,47118.02177,0.003414,
,168,2015.0,החזקה באפיק השקעה מובטח תשואה,,,14228.83578,0.000751,
,168,2015.0,החזקה באפיק השקעה מובטח תשואה,,,48253.72652,0.002548,
,168,2015.0,החזקה באפיק השקעה מובטח תשואה,,,40990.46863,0.002164,
,168,2015.0,החזקה באפיק השקעה מובטח תשואה,,,84265.16803,0.00445,
,168,2015.0,החזקה באפיק השקעה מובטח תשואה,,,65555.61834,0.003462,
,168,2015.0,החזקה באפיק השקעה מובטח תשואה,,,90764.53114,0.004793,
,168,2015.0,החזקה באפיק השקעה מובטח תשואה,,,72414.29669,0.003824,
,168,2015.0,החזקה באפיק השקעה מובטח תשואה,,,43845.82632,0.002315,
,168,2015.0,החזקה באפיק השקעה מובטח תשואה,,,49758.74086,0.002627,
,168,2015.0,החזקה באפיק השקעה מובטח תשואה,,,30748.20136,0.001623,
,168,2015.0,החזקה באפיק השקעה מובטח תשואה,,,59239.66011,0.003128,
,168,2015.0,החזקה באפיק השקעה מובטח תשואה,,,43381.43683,0.002291,
,168,2015.0,החזקה באפיק השקעה מובטח תשואה,,,106759.04521,0.005638,
,168,2015.0,החזקה באפיק השקעה מובטח תשואה,,,56393.0162,0.002978,
,168,2015.0,החזקה באפיק השקעה מובטח תשואה,,,125821.9583,0.006644,
,168,2015.0,החזקה באפיק השקעה מובטח תשואה,,,104453.42233,0.005516,
,168,2015.0,החזקה באפיק השקעה מובטח תשואה,,,100498.96781,0.005307,
,168,2015.0,החזקה באפיק השקעה מובטח תשואה,,,55843.05953,0.002949,
,168,2015.0,החזקה באפיק השקעה מובטח תשואה,,,64558.60063,0.003409,
,168,2015.0,החזקה באפיק השקעה מובטח תשואה,,,77510.03333,0.004093,
,168,2015.0,החזקה באפיק השקעה מובטח תשואה,,,64610.99861,0.003412,
,168,2015.0,החזקה באפיק השקעה מובטח תשואה,,,4605.20356,0.000243,
,168,2016.0,החזקה באפיק השקעה מובטח תשואה,,,30484.91698,0.001633,
,168,2016.0,החזקה באפיק השקעה מובטח תשואה,,,64057.76082,0.003432,
,168,2016.0,החזקה באפיק השקעה מובטח תשואה,,,105844.9108,0.005671,
,168,2016.0,החזקה באפיק השקעה מובטח תשואה,,,55910.14567,0.002995,
,168,2016.0,החזקה באפיק השקעה מובטח תשואה,,,76846.34635,0.004117,
,168,2016.0,החזקה באפיק השקעה מובטח תשואה,,,58732.41492,0.003147,
,168,2016.0,החזקה באפיק השקעה מובטח תשואה,,,43009.97917,0.002304,
,168,2016.0,החזקה באפיק השקעה מובטח תשואה,,,43470.39229,0.002329,
,168,2016.0,החזקה באפיק השקעה מובטח תשואה,,,89987.35126,0.004821,
,168,2016.0,החזקה באפיק השקעה מובטח תשואה,,,64005.81151,0.003429,
,168,2016.0,החזקה באפיק השקעה מובטח תשואה,,,64994.29216,0.003482,
,168,2016.0,החזקה באפיק השקעה מובטח תשואה,,,4565.77107,0.000244,
,168,2016.0,החזקה באפיק השקעה מובטח תשואה,,,47840.54943,0.002563,
,168,2016.0,החזקה באפיק השקעה מובטח תשואה,,,124744.59588,0.006684,
,168,2016.0,החזקה באפיק השקעה מובטח תשואה,,,40639.48386,0.002177,
,168,2016.0,החזקה באפיק השקעה מובטח תשואה,,,71794.24243,0.003846,
,168,2016.0,החזקה באפיק השקעה מובטח תשואה,,,103559.03002,0.005548,
,168,2016.0,החזקה באפיק השקעה מובטח תשואה,,,49332.67694,0.002643,
,168,2016.0,החזקה באפיק השקעה מובטח תשואה,,,83543.63956,0.004476,
,168,2016.0,החזקה באפיק השקעה מובטח תשואה,,,14107.00003,0.000755,
,168,2016.0,החזקה באפיק השקעה מובטח תשואה,,,55364.89806,0.002966,
,168,2016.0,החזקה באפיק השקעה מובטח תשואה,,,99638.4359,0.005338,
,168,2063.0,החזקה באפיק השקעה מובטח תשואה,,,19912.45681,0.002056,
,168,2063.0,החזקה באפיק השקעה מובטח תשואה,,,2237.1278,0.00023,
,168,2063.0,החזקה באפיק השקעה מובטח תשואה,,,21073.94759,0.002175,
,168,2063.0,החזקה באפיק השקעה מובטח תשואה,,,28777.59667,0.002971,
,168,2063.0,החזקה באפיק השקעה מובטח תשואה,,,31386.8995,0.00324,
,168,2063.0,החזקה באפיק השקעה מובטח תשואה,,,27394.74657,0.002828,
,168,2063.0,החזקה באפיק השקעה מובטח תשואה,,,35177.60601,0.003632,
,168,2063.0,החזקה באפיק השקעה מובטח תשואה,,,51861.68757,0.005354,
,168,2063.0,החזקה באפיק השקעה מובטח תשואה,,,37653.02625,0.003887,
,168,2063.0,החזקה באפיק השקעה מובטח תשואה,,,31361.44548,0.003238,
,168,2063.0,החזקה באפיק השקעה מובטח תשואה,,,31845.77934,0.003288,
,168,2063.0,החזקה באפיק השקעה מובטח תשואה,,,40934.55321,0.004226,
,168,2063.0,החזקה באפיק השקעה מובטח תשואה,,,24171.93098,0.002495,
,168,2063.0,החזקה באפיק השקעה מובטח תשואה,,,6912.12097,0.000713,
,168,2063.0,החזקה באפיק השקעה מובטח תשואה,,,21299.53992,0.002199,
,168,2063.0,החזקה באפיק השקעה מובטח תשואה,,,48820.65083,0.00504,
,168,2063.0,החזקה באפיק השקעה מובטח תשואה,,,44091.83078,0.004552,
,168,2063.0,החזקה באפיק השקעה מובטח תשואה,,,27127.58718,0.002801,
,168,2063.0,החזקה באפיק השקעה מובטח תשואה,,,23440.82119,0.00242,
,168,2063.0,החזקה באפיק השקעה מובטח תשואה,,,14936.94149,0.001542,
,168,2063.0,החזקה באפיק השקעה מובטח תשואה,,,61122.11923,0.006311,
,168,2063.0,החזקה באפיק השקעה מובטח תשואה,,,50741.65607,0.005239,
,168,2182.0,החזקה באפיק השקעה מובטח תשואה,,,14129.72592,0.005618,
,168,2182.0,החזקה באפיק השקעה מובטח תשואה,,,7554.05719,0.003003,
,168,2182.0,החזקה באפיק השקעה מובטח תשואה,,,14441.6144,0.005742,
,168,2182.0,החזקה באפיק השקעה מובטח תשואה,,,5544.90292,0.002204,
,168,2182.0,החזקה באפיק השקעה מובטח תשואה,,,13594.79506,0.005405,
,168,2182.0,החזקה באפיק השקעה מובטח תשואה,,,10485.01334,0.004169,
,168,2182.0,החזקה באפיק השקעה מובטח תשואה,,,7628.45146,0.003033,
,168,2182.0,החזקה באפיק השקעה מובטח תשואה,,,11398.80056,0.004532,
,168,2182.0,החזקה באפיק השקעה מובטח תשואה,,,6731.01326,0.002676,
,168,2182.0,החזקה באפיק השקעה מובטח תשואה,,,6527.42548,0.002595,
,168,2182.0,החזקה באפיק השקעה מובטח תשואה,,,17020.3115,0.006767,
,168,2182.0,החזקה באפיק השקעה מובטח תשואה,,,5931.15567,0.002358,
,168,2182.0,החזקה באפיק השקעה מובטח תשואה,,,8867.90398,0.003526,
,168,2182.0,החזקה באפיק השקעה מובטח תשואה,,,8733.03442,0.003472,
,168,2182.0,החזקה באפיק השקעה מובטח תשואה,,,9795.69785,0.003894,
,168,2182.0,החזקה באפיק השקעה מובטח תשואה,,,1924.77705,0.000765,
,168,2182.0,החזקה באפיק השקעה מובטח תשואה,,,622.95962,0.000247,
,168,2182.0,החזקה באפיק השקעה מובטח תשואה,,,4159.40089,0.001653,
,168,2182.0,החזקה באפיק השקעה מובטח תשואה,,,12277.98879,0.004881,
,168,2182.0,החזקה באפיק השקעה מובטח תשואה,,,8740.12245,0.003475,
,168,2182.0,החזקה באפיק השקעה מובטח תשואה,,,8013.52547,0.003186,
,168,2182.0,החזקה באפיק השקעה מובטח תשואה,,,5868.33632,0.002333,
,168,2183.0,החזקה באפיק השקעה מובטח תשואה,,,35992.74286,0.002328,
,168,2183.0,החזקה באפיק השקעה מובטח תשואה,,,52995.71948,0.003428,
,168,2183.0,החזקה באפיק השקעה מובטח תשואה,,,85745.10932,0.005546,
,168,2183.0,החזקה באפיק השקעה מובטח תשואה,,,45841.19063,0.002965,
,168,2183.0,החזקה באפיק השקעה מובטח תשואה,,,103286.39626,0.006681,
,168,2183.0,החזקה באפיק השקעה מובטח תשואה,,,33648.79901,0.002176,
,168,2183.0,החזקה באפיק השקעה מובטח תשואה,,,59444.40735,0.003845,
,168,2183.0,החזקה באפיק השקעה מובטח תשואה,,,74507.99095,0.004819,
,168,2183.0,החזקה באפיק השקעה מובטח תשואה,,,35611.52867,0.002303,
,168,2183.0,החזקה באפיק השקעה מובטח תשואה,,,53814.16459,0.003481,
,168,2183.0,החזקה באפיק השקעה מובטח תשואה,,,39611.15839,0.002562,
,168,2183.0,החזקה באפיק השקעה מובטח תשואה,,,48629.43711,0.003145,
,168,2183.0,החזקה באפיק השקעה מובטח תשואה,,,63627.46317,0.004115,
,168,2183.0,החזקה באפיק השקעה מובטח תשואה,,,82498.9243,0.005336,
,168,2183.0,החזקה באפיק השקעה מובטח תשואה,,,3780.38051,0.000244,
,168,2183.0,החזקה באפיק השקעה מובטח תשואה,,,25240.99094,0.001632,
,168,2183.0,החזקה באפיק השקעה מובטח תשואה,,,53038.73263,0.00343,
,168,2183.0,החזקה באפיק השקעה מובטח תשואה,,,46292.64634,0.002994,
,168,2183.0,החזקה באפיק השקעה מובטח תשואה,,,87637.77958,0.005668,
,168,2183.0,החזקה באפיק השקעה מובטח תשואה,,,69172.70764,0.004474,
,168,2183.0,החזקה באפיק השקעה מובטח תשואה,,,40846.6145,0.002642,
,168,2183.0,החזקה באפיק השקעה מובטח תשואה,,,11680.35524,0.000755,
,168,2184.0,החזקה באפיק השקעה מובטח תשואה,,,44723.81035,0.003418,
,168,2184.0,החזקה באפיק השקעה מובטח תשואה,,,69621.96723,0.005322,
,168,2184.0,החזקה באפיק השקעה מובטח תשואה,,,58375.79126,0.004462,
,168,2184.0,החזקה באפיק השקעה מובטח תשואה,,,33428.39673,0.002555,
,168,2184.0,החזקה באפיק השקעה מובטח תשואה,,,53696.08383,0.004104,
,168,2184.0,החזקה באפיק השקעה מובטח תשואה,,,9857.21107,0.000753,
,168,2184.0,החזקה באפיק השקעה מובטח תשואה,,,28396.68034,0.00217,
,168,2184.0,החזקה באפיק השקעה מובטח תשואה,,,72361.46703,0.005531,
,168,2184.0,החזקה באפיק השקעה מובטח תשואה,,,45414.50734,0.003471,
,168,2184.0,החזקה באפיק השקעה מובטח תשואה,,,34471.01499,0.002635,
,168,2184.0,החזקה באפיק השקעה מובטח תשואה,,,50165.94599,0.003834,
,168,2184.0,החזקה באפיק השקעה מובטח תשואה,,,44760.10973,0.003421,
,168,2184.0,החזקה באפיק השקעה מובטח תשואה,,,21301.21646,0.001628,
,168,2184.0,החזקה באפיק השקעה מובטח תשואה,,,41039.04512,0.003137,
,168,2184.0,החזקה באפיק השקעה מובטח תשואה,,,87164.79828,0.006663,
,168,2184.0,החזקה באפיק השקעה מובטח תשואה,,,30053.05466,0.002297,
,168,2184.0,החזקה באפיק השקעה מובטח תשואה,,,39066.99552,0.002986,
,168,2184.0,החזקה באפיק השקעה מובטח תשואה,,,38686.00589,0.002957,
,168,2184.0,החזקה באפיק השקעה מובטח תשואה,,,62878.3096,0.004806,
,168,2184.0,החזקה באפיק השקעה מובטח תשואה,,,3190.31467,0.000243,
,168,2184.0,החזקה באפיק השקעה מובטח תשואה,,,30374.76652,0.002321,
,168,2184.0,החזקה באפיק השקעה מובטח תשואה,,,73958.71728,0.005653,
,168,2212.0,החזקה באפיק השקעה מובטח תשואה,,,25802.31291,0.005156,
,168,2212.0,החזקה באפיק השקעה מובטח תשואה,,,41265.36324,0.008247,
,168,2212.0,החזקה באפיק השקעה מובטח תשואה,,,37289.65044,0.007452,
,168,2212.0,החזקה באפיק השקעה מובטח תשואה,,,53042.48294,0.010601,
,168,2212.0,החזקה באפיק השקעה מובטח תשואה,,,35497.77054,0.007094,
,168,2212.0,החזקה באפיק השקעה מובטח תשואה,,,79201.27891,0.015829,
,168,2212.0,החזקה באפיק השקעה מובטח תשואה,,,2898.84227,0.000579,
,168,2212.0,החזקה באפיק השקעה מובטח תשואה,,,40670.75247,0.008128,
,168,2212.0,החזקה באפיק השקעה מובטח תשואה,,,27307.35815,0.005457,
,168,2212.0,החזקה באפיק השקעה מובטח תשואה,,,19355.10228,0.003868,
,168,2212.0,החזקה באפיק השקעה מובטח תשואה,,,57133.64379,0.011418,
,168,2212.0,החזקה באפיק השקעה מובטח תשואה,,,45582.70263,0.00911,
,168,2212.0,החזקה באפיק השקעה מובטח תשואה,,,65750.40436,0.013141,
,168,2212.0,החזקה באפיק השקעה מובטח תשואה,,,67201.72719,0.013431,
,168,2212.0,החזקה באפיק השקעה מובטח תשואה,,,63261.18976,0.012643,
,168,2212.0,החזקה באפיק השקעה מובטח תשואה,,,40637.76946,0.008121,
,168,2212.0,החזקה באפיק השקעה מובטח תשואה,,,8956.64005,0.00179,
,168,2212.0,החזקה באפיק השקעה מובטח תשואה,,,48790.32128,0.009751,
,168,2212.0,החזקה באפיק השקעה מובטח תשואה,,,30374.32341,0.00607,
,168,2212.0,החזקה באפיק השקעה מובטח תשואה,,,31321.68635,0.00626,
,168,2212.0,החזקה באפיק השקעה מובטח תשואה,,,35151.58875,0.007025,
,168,2212.0,החזקה באפיק השקעה מובטח תשואה,,,27599.67788,0.005516,
,168,8812.0,החזקה באפיק השקעה מובטח תשואה,,,29270.10404,0.00296,
,168,8812.0,החזקה באפיק השקעה מובטח תשואה,,,54749.1947,0.005536,
,168,8812.0,החזקה באפיק השקעה מובטח תשואה,,,22981.7619,0.002324,
,168,8812.0,החזקה באפיק השקעה מובטח תשואה,,,37955.90743,0.003838,
,168,8812.0,החזקה באפיק השקעה מובטח תשואה,,,55957.68547,0.005659,
,168,8812.0,החזקה באפיק השקעה מובטח תשואה,,,21485.12799,0.002172,
,168,8812.0,החזקה באפיק השקעה מובטח תשואה,,,22738.35245,0.002299,
,168,8812.0,החזקה באפיק השקעה מובטח תשואה,,,31050.43007,0.00314,
,168,8812.0,החזקה באפיק השקעה מובטח תשואה,,,16116.65013,0.001629,
,168,8812.0,החזקה באפיק השקעה מובטח תשואה,,,33865.81372,0.003424,
,168,8812.0,החזקה באפיק השקעה מובטח תשואה,,,33838.34935,0.003422,
,168,8812.0,החזקה באפיק השקעה מובטח תשואה,,,40626.83454,0.004108,
,168,8812.0,החזקה באפיק השקעה מובטח תשואה,,,65949.4992,0.006669,
,168,8812.0,החזקה באפיק השקעה מובטח תשואה,,,29558.36348,0.002989,
,168,8812.0,החזקה באפיק השקעה מובטח תשואה,,,52676.46989,0.005327,
,168,8812.0,החזקה באפיק השקעה מובטח תשואה,,,7458.0352,0.000754,
,168,8812.0,החזקה באפיק השקעה מובטח תשואה,,,2413.81451,0.000244,
,168,8812.0,החזקה באפיק השקעה מובטח תשואה,,,44167.53409,0.004466,
,168,8812.0,החזקה באפיק השקעה מובטח תשואה,,,34360.93555,0.003474,
,168,8812.0,החזקה באפיק השקעה מובטח תשואה,,,47574.17112,0.004811,
,168,8812.0,החזקה באפיק השקעה מובטח תשואה,,,26081.01229,0.002637,
,168,8812.0,החזקה באפיק השקעה מובטח תשואה,,,25292.15999,0.002557,
,168,15661.0,,,,,,
,168,8561.0,,,,,,
,665,12154.0,,,,,,
,665,13307.0,,,,,,
,665,13351.0,,,,,,
,665,13352.0,,,,,,
,665,13875.0,,,,,,
,665,14308.0,,,,,,
,665,14309.0,,,,,,
,665,14677.0,,,,,,
,665,15673.0,,,,,,
,665,1609.0,,,,,,
,665,1619.0,,,,,,
,665,1638.0,,,,,,
,665,1645.0,,,,,,
,665,1651.0,,,,,,
,665,1652.0,,,,,,
,665,1653.0,,,,,,
,665,1666.0,,,,,,
,665,2213.0,,,,,,
,סוף מידע טבלה,,,,,,,
