מספר קרן,מספר מסלול,מאפיין עיקרי,חודש הנפקת שכבה,חודש הבדיקה,"שווי הנכסים באפיק (באלפי ש""ח)",שיעור מסך נכסי ההשקעה
214,12027,החזקה באפיק השקעה מובטח תשואה,"תא ללא תוכן, המשך בתא הבא","תא ללא תוכן, המשך בתא הבא",143750.44249,0.011752
214,12027,החזקה באפיק השקעה מובטח תשואה,"תא ללא תוכן, המשך בתא הבא","תא ללא תוכן, המשך בתא הבא",112899.0241,0.00923
214,12027,החזקה באפיק השקעה מובטח תשואה,"תא ללא תוכן, המשך בתא הבא","תא ללא תוכן, המשך בתא הבא",166333.43258,0.013598
214,12027,החזקה באפיק השקעה מובטח תשואה,"תא ללא תוכן, המשך בתא הבא","תא ללא תוכן, המשך בתא הבא",188316.68517,0.015395
214,12027,החזקה באפיק השקעה מובטח תשואה,"תא ללא תוכן, המשך בתא הבא","תא ללא תוכן, המשך בתא הבא",111556.81972,0.00912
214,12027,החזקה באפיק השקעה מובטח תשואה,"תא ללא תוכן, המשך בתא הבא","תא ללא תוכן, המשך בתא הבא",54760.97496,0.004477
214,12027,החזקה באפיק השקעה מובטח תשואה,"תא ללא תוכן, המשך בתא הבא","תא ללא תוכן, המשך בתא הבא",24040.60523,0.001965
214,12027,החזקה באפיק השקעה מובטח תשואה,"תא ללא תוכן, המשך בתא הבא","תא ללא תוכן, המשך בתא הבא",4752.78285,0.000388
214,12027,החזקה באפיק השקעה מובטח תשואה,"תא ללא תוכן, המשך בתא הבא","תא ללא תוכן, המשך בתא הבא",116520.95333,0.009526
214,12027,החזקה באפיק השקעה מובטח תשואה,"תא ללא תוכן, המשך בתא הבא","תא ללא תוכן, המשך בתא הבא",83885.31867,0.006858
214,12027,החזקה באפיק השקעה מובטח תשואה,"תא ללא תוכן, המשך בתא הבא","תא ללא תוכן, המשך בתא הבא",47689.37764,0.003898
214,12027,החזקה באפיק השקעה מובטח תשואה,"תא ללא תוכן, המשך בתא הבא","תא ללא תוכן, המשך בתא הבא",134209.10683,0.010972
214,12027,החזקה באפיק השקעה מובטח תשואה,"תא ללא תוכן, המשך בתא הבא","תא ללא תוכן, המשך בתא הבא",134183.67282,0.01097
214,12027,החזקה באפיק השקעה מובטח תשואה,"תא ללא תוכן, המשך בתא הבא","תא ללא תוכן, המשך בתא הבא",102775.69517,0.008402
214,12027,החזקה באפיק השקעה מובטח תשואה,"תא ללא תוכן, המשך בתא הבא","תא ללא תוכן, המשך בתא הבא",125052.485,0.010223
214,12027,החזקה באפיק השקעה מובטח תשואה,"תא ללא תוכן, המשך בתא הבא","תא ללא תוכן, המשך בתא הבא",102398.09979,0.008371
214,12027,החזקה באפיק השקעה מובטח תשואה,"תא ללא תוכן, המשך בתא הבא","תא ללא תוכן, המשך בתא הבא",75932.65604,0.006207
214,12027,החזקה באפיק השקעה מובטח תשואה,"תא ללא תוכן, המשך בתא הבא","תא ללא תוכן, המשך בתא הבא",140635.82058,0.011497
214,12027,החזקה באפיק השקעה מובטח תשואה,"תא ללא תוכן, המשך בתא הבא","תא ללא תוכן, המשך בתא הבא",17976.03813,0.001469
214,12027,החזקה באפיק השקעה מובטח תשואה,"תא ללא תוכן, המשך בתא הבא","תא ללא תוכן, המשך בתא הבא",10732.02725,0.000877
214,12027,החזקה באפיק השקעה מובטח תשואה,"תא ללא תוכן, המשך בתא הבא","תא ללא תוכן, המשך בתא הבא",60593.82367,0.004953
214,12027,החזקה באפיק השקעה מובטח תשואה,"תא ללא תוכן, המשך בתא הבא","תא ללא תוכן, המשך בתא הבא",115802.71746,0.009467
214,12027,החזקה באפיק השקעה מובטח תשואה,"תא ללא תוכן, המשך בתא הבא","תא ללא תוכן, המשך בתא הבא",181541.34974,0.014842
214,12027,החזקה באפיק השקעה מובטח תשואה,"תא ללא תוכן, המשך בתא הבא","תא ללא תוכן, המשך בתא הבא",101505.40363,0.008298
214,12027,החזקה באפיק השקעה מובטח תשואה,"תא ללא תוכן, המשך בתא הבא","תא ללא תוכן, המשך בתא הבא",70415.59316,0.005756
214,12027,החזקה באפיק השקעה מובטח תשואה,"תא ללא תוכן, המשך בתא הבא","תא ללא תוכן, המשך בתא הבא",115552.42951,0.009447
214,12027,החזקה באפיק השקעה מובטח תשואה,"תא ללא תוכן, המשך בתא הבא","תא ללא תוכן, המשך בתא הבא",122034.65764,0.009977
214,12028,החזקה באפיק השקעה מובטח תשואה,"תא ללא תוכן, המשך בתא הבא","תא ללא תוכן, המשך בתא הבא",6658.10436,0.009446
214,12028,החזקה באפיק השקעה מובטח תשואה,"תא ללא תוכן, המשך בתא הבא","תא ללא תוכן, המשך בתא הבא",10850.764,0.015394
214,12028,החזקה באפיק השקעה מובטח תשואה,"תא ללא תוכן, המשך בתא הבא","תא ללא תוכן, המשך בתא הבא",7733.0978,0.010971
214,12028,החזקה באפיק השקעה מובטח תשואה,"תא ללא תוכן, המשך בתא הבא","תא ללא תוכן, המשך בתא הבא",7031.60885,0.009975
214,12028,החזקה באפיק השקעה מובטח תשואה,"תא ללא תוכן, המשך בתא הבא","תא ללא תוכן, המשך בתא הבא",5921.91187,0.008401
214,12028,החזקה באפיק השקעה מובטח תשואה,"תא ללא תוכן, המשך בתא הבא","תא ללא תוכן, המשך בתא הבא",6672.52589,0.009466
214,12028,החזקה באפיק השקעה מובטח תשואה,"תא ללא תוכן, המשך בתא הבא","תא ללא תוכן, המשך בתא הבא",2747.85095,0.003898
214,12028,החזקה באפיק השקעה מובטח תשואה,"תא ללא תוכן, המשך בתא הבא","תא ללא תוכן, המשך בתא הבא",8282.86737,0.011751
214,12028,החזקה באפיק השקעה מובטח תשואה,"תא ללא תוכן, המשך בתא הבא","תא ללא תוכן, המשך בתא הבא",6427.87824,0.009119
214,12028,החזקה באפיק השקעה מובטח תשואה,"תא ללא תוכן, המשך בתא הבא","תא ללא תוכן, המשך בתא הבא",7205.49537,0.010222
214,12028,החזקה באפיק השקעה מובטח תשואה,"תא ללא תוכן, המשך בתא הבא","תא ללא תוכן, המשך בתא הבא",6505.21575,0.009229
214,12028,החזקה באפיק השקעה מובטח תשואה,"תא ללא תוכן, המשך בתא הבא","תא ללא תוכן, המשך בתא הבא",4375.22214,0.006207
214,12028,החזקה באפיק השקעה מובטח תשואה,"תא ללא תוכן, המשך בתא הבא","תא ללא תוכן, המשך בתא הבא",273.85425,0.000388
214,12028,החזקה באפיק השקעה מובטח תשואה,"תא ללא תוכן, המשך בתא הבא","תא ללא תוכן, המשך בתא הבא",4833.45273,0.006857
214,12028,החזקה באפיק השקעה מובטח תשואה,"תא ללא תוכן, המשך בתא הבא","תא ללא תוכן, המשך בתא הבא",3155.31476,0.004476
214,12028,החזקה באפיק השקעה מובטח תשואה,"תא ללא תוכן, המשך בתא הבא","תא ללא תוכן, המשך בתא הבא",3491.40215,0.004953
214,12028,החזקה באפיק השקעה מובטח תשואה,"תא ללא תוכן, המשך בתא הבא","תא ללא תוכן, המשך בתא הבא",1385.21413,0.001965
214,12028,החזקה באפיק השקעה מובטח תשואה,"תא ללא תוכן, המשך בתא הבא","תא ללא תוכן, המשך בתא הבא",5848.71796,0.008297
214,12028,החזקה באפיק השקעה מובטח תשואה,"תא ללא תוכן, המשך בתא הבא","תא ללא תוכן, המשך בתא הבא",4057.33025,0.005756
214,12028,החזקה באפיק השקעה מובטח תשואה,"תא ללא תוכן, המשך בתא הבא","תא ללא תוכן, המשך בתא הבא",8103.40357,0.011496
214,12028,החזקה באפיק השקעה מובטח תשואה,"תא ללא תוכן, המשך בתא הבא","תא ללא תוכן, המשך בתא הבא",1035.77517,0.001469
214,12028,החזקה באפיק השקעה מובטח תשואה,"תא ללא תוכן, המשך בתא הבא","תא ללא תוכן, המשך בתא הבא",10460.37073,0.01484
214,12028,החזקה באפיק השקעה מובטח תשואה,"תא ללא תוכן, המשך בתא הבא","תא ללא תוכן, המשך בתא הבא",7731.6323,0.010969
214,12028,החזקה באפיק השקעה מובטח תשואה,"תא ללא תוכן, המשך בתא הבא","תא ללא תוכן, המשך בתא הבא",618.37694,0.000877
214,12028,החזקה באפיק השקעה מובטח תשואה,"תא ללא תוכן, המשך בתא הבא","תא ללא תוכן, המשך בתא הבא",5900.15491,0.00837
214,12028,החזקה באפיק השקעה מובטח תשואה,"תא ללא תוכן, המשך בתא הבא","תא ללא תוכן, המשך בתא הבא",6713.91048,0.009525
214,12028,החזקה באפיק השקעה מובטח תשואה,"תא ללא תוכן, המשך בתא הבא","תא ללא תוכן, המשך בתא הבא",9584.09405,0.013597
214,13415,החזקה באפיק השקעה מובטח תשואה,"תא ללא תוכן, המשך בתא הבא","תא ללא תוכן, המשך בתא הבא",5486.91518,0.000177
214,13415,החזקה באפיק השקעה מובטח תשואה,"תא ללא תוכן, המשך בתא הבא","תא ללא תוכן, המשך בתא הבא",117184.30164,0.003789
214,13415,החזקה באפיק השקעה מובטח תשואה,"תא ללא תוכן, המשך בתא הבא","תא ללא תוכן, המשך בתא הבא",140884.57973,0.004555
214,13415,החזקה באפיק השקעה מובטח תשואה,"תא ללא תוכן, המשך בתא הבא","תא ללא תוכן, המשך בתא הבא",154939.53912,0.005009
214,13415,החזקה באפיק השקעה מובטח תשואה,"תא ללא תוכן, המשך בתא הבא","תא ללא תוכן, המשך בתא הבא",96842.55354,0.003131
214,13415,החזקה באפיק השקעה מובטח תשואה,"תא ללא תוכן, המשך בתא הבא","תא ללא תוכן, המשך בתא הבא",130337.82263,0.004214
214,13415,החזקה באפיק השקעה מובטח תשואה,"תא ללא תוכן, המשך בתא הבא","תא ללא תוכן, המשך בתא הבא",217404.77303,0.007029
214,13415,החזקה באפיק השקעה מובטח תשואה,"תא ללא תוכן, המשך בתא הבא","תא ללא תוכן, המשך בתא הבא",12389.73565,0.0004
214,13415,החזקה באפיק השקעה מובטח תשואה,"תא ללא תוכן, המשך בתא הבא","תא ללא תוכן, המשך בתא הבא",128788.29643,0.004164
214,13415,החזקה באפיק השקעה מובטח תשואה,"תא ללא תוכן, המשך בתא הבא","תא ללא תוכן, המשך בתא הבא",144368.55181,0.004668
214,13415,החזקה באפיק השקעה מובטח תשואה,"תא ללא תוכן, המשך בתא הבא","תא ללא תוכן, המשך בתא הבא",133690.03114,0.004322
214,13415,החזקה באפיק השקעה מובטח תשואה,"תא ללא תוכן, המשך בתא הבא","תא ללא תוכן, המשך בתא הבא",133401.0828,0.004313
214,13415,החזקה באפיק השקעה מובטח תשואה,"תא ללא תוכן, המשך בתא הבא","תא ללא תוכן, המשך בתא הבא",81292.24469,0.002628
214,13415,החזקה באפיק השקעה מובטח תשואה,"תא ללא תוכן, המשך בתא הבא","תא ללא תוכן, המשך בתא הבא",55055.65432,0.00178
214,13415,החזקה באפיק השקעה מובטח תשואה,"תא ללא תוכן, המשך בתא הבא","תא ללא תוכן, המשך בתא הבא",63219.55658,0.002044
214,13415,החזקה באפיק השקעה מובטח תשואה,"תא ללא תוכן, המשך בתא הבא","תא ללא תוכן, המשך בתא הבא",162358.94672,0.005249
214,13415,החזקה באפיק השקעה מובטח תשואה,"תא ללא תוכן, המשך בתא הבא","תא ללא תוכן, המשך בתא הבא",27754.00554,0.000897
214,13415,החזקה באפיק השקעה מובטח תשואה,"תא ללא תוכן, המשך בתא הבא","תא ללא תוכן, המשך בתא הבא",118214.88693,0.003822
214,13415,החזקה באפיק השקעה מובטח תשואה,"תא ללא תוכן, המשך בתא הבא","תא ללא תוכן, המשך בתא הבא",209582.89437,0.006776
214,13415,החזקה באפיק השקעה מובטח תשואה,"תא ללא תוכן, המשך בתא הבא","תא ללא תוכן, המשך בתא הבא",154910.17648,0.005008
214,13415,החזקה באפיק השקעה מובטח תשואה,"תא ללא תוכן, המשך בתא הבא","תא ללא תוכן, המשך בתא הבא",192025.90639,0.006208
214,13415,החזקה באפיק השקעה מובטח תשואה,"תא ללא תוכן, המשך בתא הבא","תא ללא תוכן, המשך בתא הבא",69953.36855,0.002261
214,13415,החזקה באפיק השקעה מובטח תשואה,"תא ללא תוכן, המשך בתא הבא","תא ללא תוכן, המשך בתא הבא",134519.20837,0.004349
214,13415,החזקה באפיק השקעה מובטח תשואה,"תא ללא תוכן, המשך בתא הבא","תא ללא תוכן, המשך בתא הבא",87661.49339,0.002834
214,13415,החזקה באפיק השקעה מובטח תשואה,"תא ללא תוכן, המשך בתא הבא","תא ללא תוכן, המשך בתא הבא",118650.80707,0.003836
214,13415,החזקה באפיק השקעה מובטח תשואה,"תא ללא תוכן, המשך בתא הבא","תא ללא תוכן, המשך בתא הבא",20752.68309,0.000671
214,13415,החזקה באפיק השקעה מובטח תשואה,"תא ללא תוכן, המשך בתא הבא","תא ללא תוכן, המשך בתא הבא",165954.66458,0.005365
214,14198,החזקה באפיק השקעה מובטח תשואה,"תא ללא תוכן, המשך בתא הבא","תא ללא תוכן, המשך בתא הבא",2332.7442,0.004908
214,14198,החזקה באפיק השקעה מובטח תשואה,"תא ללא תוכן, המשך בתא הבא","תא ללא תוכן, המשך בתא הבא",3273.21048,0.006888
214,14198,החזקה באפיק השקעה מובטח תשואה,"תא ללא תוכן, המשך בתא הבא","תא ללא תוכן, המשך בתא הבא",828.90887,0.001744
214,14198,החזקה באפיק השקעה מובטח תשואה,"תא ללא תוכן, המשך בתא הבא","תא ללא תוכן, המשך בתא הבא",1053.2064,0.002216
214,14198,החזקה באפיק השקעה מובטח תשואה,"תא ללא תוכן, המשך בתא הבא","תא ללא תוכן, המשך בתא הבא",1939.0154,0.00408
214,14198,החזקה באפיק השקעה מובטח תשואה,"תא ללא תוכן, המשך בתא הבא","תא ללא תוכן, המשך בתא הבא",2332.30212,0.004908
214,14198,החזקה באפיק השקעה מובטח תשואה,"תא ללא תוכן, המשך בתא הבא","תא ללא תוכן, המשך בתא הבא",1786.38702,0.003759
214,14198,החזקה באפיק השקעה מובטח תשואה,"תא ללא תוכן, המשך בתא הבא","תא ללא תוכן, המשך בתא הבא",1779.82388,0.003745
214,14198,החזקה באפיק השקעה מובטח תשואה,"תא ללא תוכן, המשך בתא הבא","תא ללא תוכן, המשך בתא הבא",2891.11044,0.006083
214,14198,החזקה באפיק השקעה מובטח תשואה,"תא ללא תוכן, המשך בתא הבא","תא ללא תוכן, המשך בתא הבא",2012.81511,0.004235
214,14198,החזקה באפיק השקעה מובטח תשואה,"תא ללא תוכן, המשך בתא הבא","תא ללא תוכן, המשך בתא הבא",1458.04555,0.003068
214,14198,החזקה באפיק השקעה מובטח תשואה,"תא ללא תוכן, המשך בתא הבא","תא ללא תוכן, המשך בתא הבא",82.61009,0.000173
214,14198,החזקה באפיק השקעה מובטח תשואה,"תא ללא תוכן, המשך בתא הבא","תא ללא תוכן, המשך בתא הבא",417.85974,0.000879
214,14198,החזקה באפיק השקעה מובטח תשואה,"תא ללא תוכן, המשך בתא הבא","תא ללא תוכן, המשך בתא הבא",186.53782,0.000392
214,14198,החזקה באפיק השקעה מובטח תשואה,"תא ללא תוכן, המשך בתא הבא","תא ללא תוכן, המשך בתא הבא",2025.29906,0.004261
214,14198,החזקה באפיק השקעה מובטח תשואה,"תא ללא תוכן, המשך בתא הבא","תא ללא תוכן, המשך בתא הבא",951.82324,0.002002
214,14198,החזקה באפיק השקעה מובטח תשואה,"תא ללא תוכן, המשך בתא הבא","תא ללא תוכן, המשך בתא הבא",1319.81702,0.002777
214,14198,החזקה באפיק השקעה מובטח תשואה,"תא ללא תוכן, המשך בתא הבא","תא ללא תוכן, המשך בתא הבא",2444.44958,0.005144
214,14198,החזקה באפיק השקעה מובטח תשואה,"תא ללא תוכן, המשך בתא הבא","תא ללא תוכן, המשך בתא הבא",312.44898,0.000657
214,14198,החזקה באפיק השקעה מובטח תשואה,"תא ללא תוכן, המשך בתא הבא","תא ללא תוכן, המשך בתא הבא",1962.34481,0.004129
214,14198,החזקה באפיק השקעה מובטח תשואה,"תא ללא תוכן, המשך בתא הבא","תא ללא תוכן, המשך בתא הבא",2498.58612,0.005257
214,14198,החזקה באפיק השקעה מובטח תשואה,"תא ללא תוכן, המשך בתא הבא","תא ללא תוכן, המשך בתא הבא",1764.30756,0.003712
214,14198,החזקה באפיק השקעה מובטח תשואה,"תא ללא תוכן, המשך בתא הבא","תא ללא תוכן, המשך בתא הבא",1223.92266,0.002575
214,14198,החזקה באפיק השקעה מובטח תשואה,"תא ללא תוכן, המשך בתא הבא","תא ללא תוכן, המשך בתא הבא",2173.58916,0.004574
214,14198,החזקה באפיק השקעה מובטח תשואה,"תא ללא תוכן, המשך בתא הבא","תא ללא תוכן, המשך בתא הבא",3155.44556,0.00664
214,14198,החזקה באפיק השקעה מובטח תשואה,"תא ללא תוכן, המשך בתא הבא","תא ללא תוכן, המשך בתא הבא",2121.13505,0.004463
214,14198,החזקה באפיק השקעה מובטח תשואה,"תא ללא תוכן, המשך בתא הבא","תא ללא תוכן, המשך בתא הבא",2008.46475,0.004226
214,14199,החזקה באפיק השקעה מובטח תשואה,"תא ללא תוכן, המשך בתא הבא","תא ללא תוכן, המשך בתא הבא",619.23015,0.00521
214,14199,החזקה באפיק השקעה מובטח תשואה,"תא ללא תוכן, המשך בתא הבא","תא ללא תוכן, המשך בתא הבא",497.10294,0.004182
214,14199,החזקה באפיק השקעה מובטח תשואה,"תא ללא תוכן, המשך בתא הבא","תא ללא תוכן, המשך בתא הבא",79.14985,0.000666
214,14199,החזקה באפיק השקעה מובטח תשואה,"תא ללא תוכן, המשך בתא הבא","תא ללא תוכן, המשך בתא הבא",550.61554,0.004633
214,14199,החזקה באפיק השקעה מובטח תשואה,"תא ללא תוכן, המשך בתא הבא","תא ללא תוכן, המשך בתא הבא",513.05056,0.004317
214,14199,החזקה באפיק השקעה מובטח תשואה,"תא ללא תוכן, המשך בתא הבא","תא ללא תוכן, המשך בתא הבא",537.32782,0.004521
214,14199,החזקה באפיק השקעה מובטח תשואה,"תא ללא תוכן, המשך בתא הבא","תא ללא תוכן, המשך בתא הבא",47.25393,0.000397
214,14199,החזקה באפיק השקעה מובטח תשואה,"תא ללא תוכן, המשך בתא הבא","תא ללא תוכן, המשך בתא הבא",590.93284,0.004972
214,14199,החזקה באפיק השקעה מובטח תשואה,"תא ללא תוכן, המשך בתא הבא","תא ללא תוכן, המשך בתא הבא",334.33722,0.002813
214,14199,החזקה באפיק השקעה מובטח תשואה,"תא ללא תוכן, המשך בתא הבא","תא ללא תוכן, המשך בתא הבא",732.37868,0.006162
214,14199,החזקה באפיק השקעה מובטח תשואה,"תא ללא תוכן, המשך בתא הבא","תא ללא תוכן, המשך בתא הבא",266.79919,0.002245
214,14199,החזקה באפיק השקעה מובטח תשואה,"תא ללא תוכן, המשך בתא הבא","תא ללא תוכן, המשך בתא הבא",369.3534,0.003107
214,14199,החזקה באפיק השקעה מובטח תשואה,"תא ללא תוכן, המשך בתא הבא","תא ללא תוכן, המשך בתא הבא",799.34028,0.006726
214,14199,החזקה באפיק השקעה מובטח תשואה,"תא ללא תוכן, המשך בתא הבא","תא ללא תוכן, המשך בתא הבא",632.94406,0.005326
214,14199,החזקה באפיק השקעה מובטח תשואה,"תא ללא תוכן, המשך בתא הבא","תא ללא תוכן, המשך בתא הבא",450.86657,0.003793
214,14199,החזקה באפיק השקעה מובטח תשואה,"תא ללא תוכן, המשך בתא הבא","תא ללא תוכן, המשך בתא הבא",508.78608,0.004281
214,14199,החזקה באפיק השקעה מובטח תשואה,"תא ללא תוכן, המשך בתא הבא","תא ללא תוכן, המשך בתא הבא",491.19311,0.004133
214,14199,החזקה באפיק השקעה מובטח תשואה,"תא ללא תוכן, המשך בתא הבא","תא ללא תוכן, המשך בתא הבא",241.11671,0.002028
214,14199,החזקה באפיק השקעה מובטח תשואה,"תא ללא תוכן, המשך בתא הבא","תא ללא תוכן, המשך בתא הבא",829.1726,0.006977
214,14199,החזקה באפיק השקעה מובטח תשואה,"תא ללא תוכן, המשך בתא הבא","תא ללא תוכן, המשך בתא הבא",209.97993,0.001766
214,14199,החזקה באפיק השקעה מובטח תשואה,"תא ללא תוכן, המשך בתא הבא","תא ללא תוכן, המשך בתא הבא",105.8526,0.00089
214,14199,החזקה באפיק השקעה מובטח תשואה,"תא ללא תוכן, המשך בתא הבא","תא ללא תוכן, המשך בתא הבא",20.92686,0.000176
214,14199,החזקה באפיק השקעה מובטח תשואה,"תא ללא תוכן, המשך בתא הבא","תא ללא תוכן, המשך בתא הבא",452.52915,0.003807
214,14199,החזקה באפיק השקעה מובטח תשואה,"תא ללא תוכן, המשך בתא הבא","תא ללא תוכן, המשך בתא הבא",310.04518,0.002608
214,14199,החזקה באפיק השקעה מובטח תשואה,"תא ללא תוכן, המשך בתא הבא","תא ללא תוכן, המשך בתא הבא",509.88812,0.00429
214,14199,החזקה באפיק השקעה מובטח תשואה,"תא ללא תוכן, המשך בתא הבא","תא ללא תוכן, המשך בתא הבא",590.82085,0.004971
214,14199,החזקה באפיק השקעה מובטח תשואה,"תא ללא תוכן, המשך בתא הבא","תא ללא תוכן, המשך בתא הבא",446.93596,0.00376
214,14200,החזקה באפיק השקעה מובטח תשואה,"תא ללא תוכן, המשך בתא הבא","תא ללא תוכן, המשך בתא הבא",143.92736,0.004874
214,14200,החזקה באפיק השקעה מובטח תשואה,"תא ללא תוכן, המשך בתא הבא","תא ללא תוכן, המשך בתא הבא",109.81288,0.003719
214,14200,החזקה באפיק השקעה מובטח תשואה,"תא ללא תוכן, המשך בתא הבא","תא ללא תוכן, המשך בתא הבא",119.6348,0.004051
214,14200,החזקה באפיק השקעה מובטח תשואה,"תא ללא תוכן, המשך בתא הבא","תא ללא תוכן, המשך בתא הבא",11.50915,0.000389
214,14200,החזקה באפיק השקעה מובטח תשואה,"תא ללא תוכן, המשך בתא הבא","תא ללא תוכן, המשך בתא הבא",110.21782,0.003732
214,14200,החזקה באפיק השקעה מובטח תשואה,"תא ללא תוכן, המשך בתא הבא","תא ללא תוכן, המשך בתא הבא",121.07419,0.0041
214,14200,החזקה באפיק השקעה מובטח תשואה,"תא ללא תוכן, המשך בתא הבא","תא ללא תוכן, המשך בתא הבא",58.72629,0.001988
214,14200,החזקה באפיק השקעה מובטח תשואה,"תא ללא תוכן, המשך בתא הבא","תא ללא תוכן, המשך בתא הבא",25.78142,0.000873
214,14200,החזקה באפיק השקעה מובטח תשואה,"תא ללא תוכן, המשך בתא הבא","תא ללא תוכן, המשך בתא הבא",178.37785,0.006041
214,14200,החזקה באפיק השקעה מובטח תשואה,"תא ללא תוכן, המשך בתא הבא","תא ללא תוכן, המשך בתא הבא",123.91973,0.004196
214,14200,החזקה באפיק השקעה מובטח תשואה,"תא ללא תוכן, המשך בתא הבא","תא ללא תוכן, המשך בתא הבא",201.95294,0.006839
214,14200,החזקה באפיק השקעה מובטח תשואה,"תא ללא תוכן, המשך בתא הבא","תא ללא תוכן, המשך בתא הבא",108.85554,0.003686
214,14200,החזקה באפיק השקעה מובטח תשואה,"תא ללא תוכן, המשך בתא הבא","תא ללא תוכן, המשך בתא הבא",124.18814,0.004206
214,14200,החזקה באפיק השקעה מובטח תשואה,"תא ללא תוכן, המשך בתא הבא","תא ללא תוכן, המשך בתא הבא",64.9815,0.0022
214,14200,החזקה באפיק השקעה מובטח תשואה,"תא ללא תוכן, המשך בתא הבא","תא ללא תוכן, המשך בתא הבא",5.09694,0.000172
214,14200,החזקה באפיק השקעה מובטח תשואה,"תא ללא תוכן, המשך בתא הבא","תא ללא תוכן, המשך בתא הבא",194.687,0.006593
214,14200,החזקה באפיק השקעה מובטח תשואה,"תא ללא תוכן, המשך בתא הבא","תא ללא תוכן, המשך בתא הבא",143.90009,0.004873
214,14200,החזקה באפיק השקעה מובטח תשואה,"תא ללא תוכן, המשך בתא הבא","תא ללא תוכן, המשך בתא הבא",130.87135,0.004432
214,14200,החזקה באפיק השקעה מובטח תשואה,"תא ללא תוכן, המשך בתא הבא","תא ללא תוכן, המשך בתא הבא",89.95956,0.003046
214,14200,החזקה באפיק השקעה מובטח תשואה,"תא ללא תוכן, המשך בתא הבא","תא ללא תוכן, המשך בתא הבא",19.27771,0.000652
214,14200,החזקה באפיק השקעה מובטח תשואה,"תא ללא תוכן, המשך בתא הבא","תא ללא תוכן, המשך בתא הבא",75.51448,0.002557
214,14200,החזקה באפיק השקעה מובטח תשואה,"תא ללא תוכן, המשך בתא הבא","תא ללא תוכן, המשך בתא הבא",154.1596,0.005221
214,14200,החזקה באפיק השקעה מובטח תשואה,"תא ללא תוכן, המשך בתא הבא","תא ללא תוכן, המשך בתא הבא",124.95839,0.004232
214,14200,החזקה באפיק השקעה מובטח תשואה,"תא ללא תוכן, המשך בתא הבא","תא ללא תוכן, המשך בתא הבא",51.14263,0.001732
214,14200,החזקה באפיק השקעה מובטח תשואה,"תא ללא תוכן, המשך בתא הבא","תא ללא תוכן, המשך בתא הבא",150.81944,0.005108
214,14200,החזקה באפיק השקעה מובטח תשואה,"תא ללא תוכן, המשך בתא הבא","תא ללא תוכן, המשך בתא הבא",81.43104,0.002757
214,14200,החזקה באפיק השקעה מובטח תשואה,"תא ללא תוכן, המשך בתא הבא","תא ללא תוכן, המשך בתא הבא",134.1077,0.004542
214,15038,החזקה באפיק השקעה מובטח תשואה,"תא ללא תוכן, המשך בתא הבא","תא ללא תוכן, המשך בתא הבא",6677.11254,0.003816
214,15038,החזקה באפיק השקעה מובטח תשואה,"תא ללא תוכן, המשך בתא הבא","תא ללא תוכן, המשך בתא הבא",7361.85038,0.004208
214,15038,החזקה באפיק השקעה מובטח תשואה,"תא ללא תוכן, המשך בתא הבא","תא ללא תוכן, המשך בתא הבא",8749.76671,0.005001
214,15038,החזקה באפיק השקעה מובטח תשואה,"תא ללא תוכן, המשך בתא הבא","תא ללא תוכן, המשך בתא הבא",5469.94245,0.003126
214,15038,החזקה באפיק השקעה מובטח תשואה,"תא ללא תוכן, המשך בתא הבא","תא ללא תוכן, המשך בתא הבא",1172.17048,0.00067
214,15038,החזקה באפיק השקעה מובטח תשואה,"תא ללא תוכן, המשך בתא הבא","תא ללא תוכן, המשך בתא הבא",12279.639,0.007019
214,15038,החזקה באפיק השקעה מובטח תשואה,"תא ללא תוכן, המשך בתא הבא","תא ללא תוכן, המשך בתא הבא",7598.02692,0.004343
214,15038,החזקה באפיק השקעה מובטח תשואה,"תא ללא תוכן, המשך בתא הבא","תא ללא תוכן, המשך בתא הבא",309.91655,0.000177
214,15038,החזקה באפיק השקעה מובטח תשואה,"תא ללא תוכן, המשך בתא הבא","תא ללא תוכן, המשך בתא הבא",6701.73455,0.003831
214,15038,החזקה באפיק השקעה מובטח תשואה,"תא ללא תוכן, המשך בתא הבא","תא ללא תוכן, המשך בתא הבא",3570.8201,0.002041
214,15038,החזקה באפיק השקעה מובטח תשואה,"תא ללא תוכן, המשך בתא הבא","תא ללא תוכן, המשך בתא הבא",7957.56117,0.004548
214,15038,החזקה באפיק השקעה מובטח תשואה,"תא ללא תוכן, המשך בתא הבא","תא ללא תוכן, המשך בתא הבא",11837.83708,0.006767
214,15038,החזקה באפיק השקעה מובטח תשואה,"תא ללא תוכן, המשך בתא הבא","תא ללא תוכן, המשך בתא הבא",4591.61685,0.002624
214,15038,החזקה באפיק השקעה מובטח תשואה,"תא ללא תוכן, המשך בתא הבא","תא ללא תוכן, המשך בתא הבא",6618.90216,0.003783
214,15038,החזקה באפיק השקעה מובטח תשואה,"תא ללא תוכן, המשך בתא הבא","תא ללא תוכן, המשך בתא הבא",8751.42519,0.005002
214,15038,החזקה באפיק השקעה מובטח תשואה,"תא ללא תוכן, המשך בתא הבא","תא ללא תוכן, המשך בתא הבא",8154.34581,0.004661
214,15038,החזקה באפיק השקעה מובטח תשואה,"תא ללא תוכן, המשך בתא הבא","תא ללא תוכן, המשך בתא הבא",3109.69971,0.001777
214,15038,החזקה באפיק השקעה מובטח תשואה,"תא ללא תוכן, המשך בתא הבא","תא ללא תוכן, המשך בתא הבא",7274.32874,0.004158
214,15038,החזקה באפיק השקעה מובטח תשואה,"תא ללא תוכן, המשך בתא הבא","תא ללא תוכן, המשך בתא הבא",1567.62505,0.000896
214,15038,החזקה באפיק השקעה מובטח תשואה,"תא ללא תוכן, המשך בתא הבא","תא ללא תוכן, המשך בתא הבא",4951.3701,0.00283
214,15038,החזקה באפיק השקעה מובטח תשואה,"תא ללא תוכן, המשך בתא הבא","תא ללא תוכן, המשך בתא הבא",7534.87201,0.004307
214,15038,החזקה באפיק השקעה מובטח תשואה,"תא ללא תוכן, המשך בתא הבא","תא ללא תוכן, המשך בתא הבא",7551.19263,0.004316
214,15038,החזקה באפיק השקעה מובטח תשואה,"תא ללא תוכן, המשך בתא הבא","תא ללא תוכן, המשך בתא הבא",9170.4944,0.005242
214,15038,החזקה באפיק השקעה מובטח תשואה,"תא ללא תוכן, המשך בתא הבא","תא ללא תוכן, המשך בתא הבא",10846.16854,0.0062
214,15038,החזקה באפיק השקעה מובטח תשואה,"תא ללא תוכן, המשך בתא הבא","תא ללא תוכן, המשך בתא הבא",3951.16492,0.002258
214,15038,החזקה באפיק השקעה מובטח תשואה,"תא ללא תוכן, המשך בתא הבא","תא ללא תוכן, המשך בתא הבא",699.80746,0.0004
214,15038,החזקה באפיק השקעה מובטח תשואה,"תא ללא תוכן, המשך בתא הבא","תא ללא תוכן, המשך בתא הבא",9373.59076,0.005358
214,15276,החזקה באפיק השקעה מובטח תשואה,"תא ללא תוכן, המשך בתא הבא","תא ללא תוכן, המשך בתא הבא",253.73997,0.00512
214,15276,החזקה באפיק השקעה מובטח תשואה,"תא ללא תוכן, המשך בתא הבא","תא ללא תוכן, המשך בתא הבא",127.04623,0.002563
214,15276,החזקה באפיק השקעה מובטח תשואה,"תא ללא תוכן, המשך בתא הבא","תא ללא תוכן, המשך בתא הבא",210.2311,0.004242
214,15276,החזקה באפיק השקעה מובטח תשואה,"תא ללא תוכן, המשך בתא הבא","תא ללא תוכן, המשך בתא הבא",327.54313,0.006609
214,15276,החזקה באפיק השקעה מובטח תשואה,"תא ללא תוכן, המשך בתא הבא","תא ללא תוכן, המשך בתא הבא",242.09879,0.004885
214,15276,החזקה באפיק השקעה מובטח תשואה,"תא ללא תוכן, המשך בתא הבא","תא ללא תוכן, המשך בתא הבא",183.13953,0.003695
214,15276,החזקה באפיק השקעה מובטח תשואה,"תא ללא תוכן, המשך בתא הבא","תא ללא תוכן, המשך בתא הבא",32.43298,0.000654
214,15276,החזקה באפיק השקעה מובטח תשואה,"תא ללא תוכן, המשך בתא הבא","תא ללא תוכן, המשך בתא הבא",208.93524,0.004215
214,15276,החזקה באפיק השקעה מובטח תשואה,"תא ללא תוכן, המשך בתא הבא","תא ללא תוכן, המשך בתא הבא",8.57513,0.000173
214,15276,החזקה באפיק השקעה מובטח תשואה,"תא ללא תוכן, המשך בתא הבא","תא ללא תוכן, המשך בתא הבא",225.62398,0.004552
214,15276,החזקה באפיק השקעה מובטח תשואה,"תא ללא תוכן, המשך בתא הבא","תא ללא תוכן, המשך בתא הבא",220.17912,0.004442
214,15276,החזקה באפיק השקעה מובטח תשואה,"תא ללא תוכן, המשך בתא הבא","תא ללא תוכן, המשך בתא הבא",300.10449,0.006055
214,15276,החזקה באפיק השקעה מובטח תשואה,"תא ללא תוכן, המשך בתא הבא","תא ללא תוכן, המשך בתא הבא",98.80163,0.001993
214,15276,החזקה באפיק השקעה מובטח תשואה,"תא ללא תוכן, המשך בתא הבא","תא ללא תוכן, המשך בתא הבא",203.69629,0.00411
214,15276,החזקה באפיק השקעה מובטח תשואה,"תא ללא תוכן, המשך בתא הבא","תא ללא תוכן, המשך בתא הבא",339.76742,0.006855
214,15276,החזקה באפיק השקעה מובטח תשואה,"תא ללא תוכן, המשך בתא הבא","תא ללא תוכן, המשך בתא הבא",259.35948,0.005233
214,15276,החזקה באפיק השקעה מובטח תשואה,"תא ללא תוכן, המשך בתא הבא","תא ללא תוכן, המשך בתא הבא",109.32546,0.002206
214,15276,החזקה באפיק השקעה מובטח תשואה,"תא ללא תוכן, המשך בתא הבא","תא ללא תוכן, המשך בתא הבא",137.0003,0.002764
214,15276,החזקה באפיק השקעה מובטח תשואה,"תא ללא תוכן, המשך בתא הבא","תא ללא תוכן, המשך בתא הבא",184.75017,0.003727
214,15276,החזקה באפיק השקעה מובטח תשואה,"תא ללא תוכן, המשך בתא הבא","תא ללא תוכן, המשך בתא הבא",151.34877,0.003053
214,15276,החזקה באפיק השקעה מובטח תשואה,"תא ללא תוכן, המשך בתא הבא","תא ללא תוכן, המשך בתא הבא",43.37488,0.000875
214,15276,החזקה באפיק השקעה מובטח תשואה,"תא ללא תוכן, המשך בתא הבא","תא ללא תוכן, המשך בתא הבא",185.43144,0.003741
214,15276,החזקה באפיק השקעה מובטח תשואה,"תא ללא תוכן, המשך בתא הבא","תא ללא תוכן, המשך בתא הבא",19.36309,0.00039
214,15276,החזקה באפיק השקעה מובטח תשואה,"תא ללא תוכן, המשך בתא הבא","תא ללא תוכן, המשך בתא הבא",242.14468,0.004886
214,15276,החזקה באפיק השקעה מובטח תשואה,"תא ללא תוכן, המשך בתא הבא","תא ללא תוכן, המשך בתא הבא",86.04281,0.001736
214,15276,החזקה באפיק השקעה מובטח תשואה,"תא ללא תוכן, המשך בתא הבא","תא ללא תוכן, המשך בתא הבא",201.27464,0.004061
214,15276,החזקה באפיק השקעה מובטח תשואה,"תא ללא תוכן, המשך בתא הבא","תא ללא תוכן, המשך בתא הבא",208.48366,0.004206
214,15277,החזקה באפיק השקעה מובטח תשואה,"תא ללא תוכן, המשך בתא הבא","תא ללא תוכן, המשך בתא הבא",4952.7962,0.005019
214,15277,החזקה באפיק השקעה מובטח תשואה,"תא ללא תוכן, המשך בתא הבא","תא ללא תוכן, המשך בתא הבא",5730.87344,0.005808
214,15277,החזקה באפיק השקעה מובטח תשואה,"תא ללא תוכן, המשך בתא הבא","תא ללא תוכן, המשך בתא הבא",1886.74166,0.001912
214,15277,החזקה באפיק השקעה מובטח תשואה,"תא ללא תוכן, המשך בתא הבא","תא ללא תוכן, המשך בתא הבא",3541.047,0.003589
214,15277,החזקה באפיק השקעה מובטח תשואה,"תא ללא תוכן, המשך בתא הבא","תא ללא תוכן, המשך בתא הבא",2087.70738,0.002116
214,15277,החזקה באפיק השקעה מובטח תשואה,"תא ללא תוכן, המשך בתא הבא","תא ללא תוכן, המשך בתא הבא",3989.8817,0.004043
214,15277,החזקה באפיק השקעה מובטח תשואה,"תא ללא תוכן, המשך בתא הבא","תא ללא תוכן, המשך בתא הבא",828.2981,0.000839
214,15277,החזקה באפיק השקעה מובטח תשואה,"תא ללא תוכן, המשך בתא הבא","תא ללא תוכן, המשך בתא הבא",3981.25824,0.004035
214,15277,החזקה באפיק השקעה מובטח תשואה,"תא ללא תוכן, המשך בתא הבא","תא ללא תוכן, המשך בתא הבא",4308.57438,0.004366
214,15277,החזקה באפיק השקעה מובטח תשואה,"תא ללא תוכן, המשך בתא הבא","תא ללא תוכן, המשך בתא הבא",4623.18149,0.004685
214,15277,החזקה באפיק השקעה מובטח תשואה,"תא ללא תוכן, המשך בתא הבא","תא ללא תוכן, המשך בתא הבא",2616.19348,0.002651
214,15277,החזקה באפיק השקעה מובטח תשואה,"תא ללא תוכן, המשך בתא הבא","תא ללא תוכן, המשך בתא הבא",4845.48462,0.004911
214,15277,החזקה באפיק השקעה מובטח תשואה,"תא ללא תוכן, המשך בתא הבא","תא ללא תוכן, המשך בתא הבא",3889.83747,0.003942
214,15277,החזקה באפיק השקעה מובטח תשואה,"תא ללא תוכן, המשך בתא הבא","תא ללא תוכן, המשך בתא הבא",163.75299,0.000165
214,15277,החזקה באפיק השקעה מובטח תשואה,"תא ללא תוכן, המשך בתא הבא","תא ללא תוכן, המשך בתא הבא",1643.09594,0.001665
214,15277,החזקה באפיק השקעה מובטח תשואה,"תא ללא תוכן, המשך בתא הבא","תא ללא תוכן, המשך בתא הבא",3843.59299,0.003895
214,15277,החזקה באפיק השקעה מובטח תשואה,"תא ללא תוכן, המשך בתא הבא","תא ללא תוכן, המשך בתא הבא",3497.28021,0.003544
214,15277,החזקה באפיק השקעה מובטח תשואה,"תא ללא תוכן, המשך בתא הבא","תא ללא תוכן, המשך בתא הבא",2890.19554,0.002929
214,15277,החזקה באפיק השקעה מובטח תשואה,"תא ללא תוכן, המשך בתא הבא","תא ללא תוכן, המשך בתא הבא",4204.59776,0.004261
214,15277,החזקה באפיק השקעה מובטח תשואה,"תא ללא תוכן, המשך בתא הבא","תא ללא תוכן, המשך בתא הבא",4624.0578,0.004686
214,15277,החזקה באפיק השקעה מובטח תשואה,"תא ללא תוכן, המשך בתא הבא","תא ללא תוכן, המשך בתא הבא",369.76264,0.000374
214,15277,החזקה באפיק השקעה מובטח תשואה,"תא ללא תוכן, המשך בתא הבא","תא ללא תוכן, המשך בתא הבא",2426.10789,0.002458
214,15277,החזקה באפיק השקעה מובטח תשואה,"תא ללא תוכן, המשך בתא הבא","תא ללא תוכן, המשך בתא הבא",619.34873,0.000627
214,15277,החזקה באפיק השקעה מובטח תשואה,"תא ללא תוכן, המשך בתא הבא","תא ללא תוכן, המשך בתא הבא",4014.62789,0.004069
214,15277,החזקה באפיק השקעה מובטח תשואה,"תא ללא תוכן, המשך בתא הבא","תא ללא תוכן, המשך בתא הבא",6254.84897,0.006339
214,15277,החזקה באפיק השקעה מובטח תשואה,"תא ללא תוכן, המשך בתא הבא","תא ללא תוכן, המשך בתא הבא",6488.28725,0.006576
214,15277,החזקה באפיק השקעה מובטח תשואה,"תא ללא תוכן, המשך בתא הבא","תא ללא תוכן, המשך בתא הבא",3528.03728,0.003575
214,15278,החזקה באפיק השקעה מובטח תשואה,"תא ללא תוכן, המשך בתא הבא","תא ללא תוכן, המשך בתא הבא",278.89209,0.006849
214,15278,החזקה באפיק השקעה מובטח תשואה,"תא ללא תוכן, המשך בתא הבא","תא ללא תוכן, המשך בתא הבא",177.90141,0.004369
214,15278,החזקה באפיק השקעה מובטח תשואה,"תא ללא תוכן, המשך בתא הבא","תא ללא תוכן, המשך בתא הבא",187.4752,0.004604
214,15278,החזקה באפיק השקעה מובטח תשואה,"תא ללא תוכן, המשך בתא הבא","תא ללא תוכן, המשך בתא הבא",108.17564,0.002656
214,15278,החזקה באפיק השקעה מובטח תשואה,"תא ללא תוכן, המשך בתא הבא","תא ללא תוכן, המשך בתא הבא",128.86845,0.003165
214,15278,החזקה באפיק השקעה מובטח תשואה,"תא ללא תוכן, המשך בתא הבא","תא ללא תוכן, המשך בתא הבא",7.30144,0.000179
214,15278,החזקה באפיק השקעה מובטח תשואה,"תא ללא תוכן, המשך בתא הבא","תא ללא תוכן, המשך בתא הבא",177.51691,0.00436
214,15278,החזקה באפיק השקעה מובטח תשואה,"תא ללא תוכן, המשך בתא הבא","תא ללא תוכן, המשך בתא הבא",157.88871,0.003877
214,15278,החזקה באפיק השקעה מובטח תשואה,"תא ללא תוכן, המשך בתא הבא","תא ללא תוכן, המשך בתא הבא",206.17814,0.005064
214,15278,החזקה באפיק השקעה מובטח תשואה,"תא ללא תוכן, המשך בתא הבא","תא ללא תוכן, המשך בתא הבא",179.0048,0.004396
214,15278,החזקה באפיק השקעה מובטח תשואה,"תא ללא תוכן, המשך בתא הבא","תא ללא תוכן, המשך בתא הבא",173.44062,0.004259
214,15278,החזקה באפיק השקעה מובטח תשואה,"תא ללא תוכן, המשך בתא הבא","תא ללא תוכן, המשך בתא הבא",192.11132,0.004718
214,15278,החזקה באפיק השקעה מובטח תשואה,"תא ללא תוכן, המשך בתא הבא","תא ללא תוכן, המשך בתא הבא",84.1263,0.002066
214,15278,החזקה באפיק השקעה מובטח תשואה,"תא ללא תוכן, המשך בתא הבא","תא ללא תוכן, המשך בתא הבא",27.61561,0.000678
214,15278,החזקה באפיק השקעה מובטח תשואה,"תא ללא תוכן, המשך בתא הבא","תא ללא תוכן, המשך בתא הבא",206.13907,0.005063
214,15278,החזקה באפיק השקעה מובטח תשואה,"תא ללא תוכן, המשך בתא הבא","תא ללא תוכן, המשך בתא הבא",216.05115,0.005306
214,15278,החזקה באפיק השקעה מובטח תשואה,"תא ללא תוכן, המשך בתא הבא","תא ללא תוכן, המשך בתא הבא",73.26259,0.001799
214,15278,החזקה באפיק השקעה מובטח תשואה,"תא ללא תוכן, המשך בתא הבא","תא ללא תוכן, המשך בתא הבא",171.37867,0.004209
214,15278,החזקה באפיק השקעה מובטח תשואה,"תא ללא תוכן, המשך בתא הבא","תא ללא תוכן, המשך בתא הבא",93.08699,0.002286
214,15278,החזקה באפיק השקעה מובטח תשואה,"תא ללא תוכן, המשך בתא הבא","תא ללא תוכן, המשך בתא הבא",16.48703,0.000404
214,15278,החזקה באפיק השקעה מובטח תשואה,"תא ללא תוכן, המשך בתא הבא","תא ללא תוכן, המשך בתא הבא",289.30067,0.007105
214,15278,החזקה באפיק השקעה מובטח תשואה,"תא ללא תוכן, המשך בתא הבא","תא ללא תוכן, המשך בתא הבא",220.83598,0.005424
214,15278,החזקה באפיק השקעה מובטח תשואה,"תא ללא תוכן, המשך בתא הבא","תא ללא תוכן, המשך בתא הבא",255.529,0.006276
214,15278,החזקה באפיק השקעה מובטח תשואה,"תא ללא תוכן, המשך בתא הבא","תא ללא תוכן, המשך בתא הבא",36.93227,0.000907
214,15278,החזקה באפיק השקעה מובטח תשואה,"תא ללא תוכן, המשך בתא הבא","תא ללא תוכן, המשך בתא הבא",155.93723,0.00383
214,15278,החזקה באפיק השקעה מובטח תשואה,"תא ללא תוכן, המשך בתא הבא","תא ללא תוכן, המשך בתא הבא",116.65121,0.002865
214,15278,החזקה באפיק השקעה מובטח תשואה,"תא ללא תוכן, המשך בתא הבא","תא ללא תוכן, המשך בתא הבא",157.30863,0.003863
214,2172,החזקה באפיק השקעה מובטח תשואה,"תא ללא תוכן, המשך בתא הבא","תא ללא תוכן, המשך בתא הבא",184885.12874,0.003751
214,2172,החזקה באפיק השקעה מובטח תשואה,"תא ללא תוכן, המשך בתא הבא","תא ללא תוכן, המשך בתא הבא",210926.70497,0.00428
214,2172,החזקה באפיק השקעה מובטח תשואה,"תא ללא תוכן, המשך בתא הבא","תא ללא תוכן, המשך בתא הבא",256158.49858,0.005198
214,2172,החזקה באפיק השקעה מובטח תשואה,"תא ללא תוכן, המשך בתא הבא","תא ללא תוכן, המשך בתא הבא",222277.75646,0.00451
214,2172,החזקה באפיק השקעה מובטח תשואה,"תא ללא תוכן, המשך בתא הבא","תא ללא תוכן, המשך בתא הבא",212234.92233,0.004306
214,2172,החזקה באפיק השקעה מובטח תשואה,"תא ללא תוכן, המשך בתא הבא","תא ללא תוכן, המשך בתא הבא",152791.35283,0.0031
214,2172,החזקה באפיק השקעה מובטח תשואה,"תא ללא תוכן, המשך בתא הבא","תא ללא תוכן, המשך בתא הבא",32742.12016,0.000664
214,2172,החזקה באפיק השקעה מובטח תשואה,"תא ללא תוכן, המשך בתא הבא","תא ללא תוכן, המשך בתא הבא",187198.87761,0.003798
214,2172,החזקה באפיק השקעה מובטח תשואה,"תא ללא תוכן, המשך בתא הבא","תא ללא תוכן, המשך בתא הבא",19547.65134,0.000396
214,2172,החזקה באפיק השקעה מובטח תשואה,"תא ללא תוכן, המשך בתא הבא","תא ללא תוכן, המשך בתא הבא",203193.09354,0.004123
214,2172,החזקה באפיק השקעה מובטח תשואה,"תא ללא תוכן, המשך בתא הבא","תא ללא תוכן, המשך בתא הבא",110367.49265,0.002239
214,2172,החזקה באפיק השקעה מובטח תשואה,"תא ללא תוכן, המשך בתא הבא","תא ללא תוכן, המשך בתא הבא",244406.35409,0.004959
214,2172,החזקה באפיק השקעה מובטח תשואה,"תא ללא תוכן, המשך בתא הבא","תא ללא תוכן, המשך בתא הבא",261831.5687,0.005313
214,2172,החזקה באפיק השקעה מובטח תשואה,"תא ללא תוכן, המשך בתא הבא","תא ללא תוכן, המשך בתא הבא",205637.82674,0.004173
214,2172,החזקה באפיק השקעה מובטח תשואה,"תא ללא תוכן, המשך בתא הבא","תא ללא תוכן, המשך בתא הבא",43788.31307,0.000888
214,2172,החזקה באפיק השקעה מובטח תשואה,"תא ללא תוכן, המשך בתא הבא","תא ללא תוכן, המשך בתא הבא",244452.6804,0.00496
214,2172,החזקה באפיק השקעה מובטח תשואה,"תא ללא תוכן, המשך בתא הבא","תא ללא תוכן, המשך בתא הבא",99743.35891,0.002024
214,2172,החזקה באפיק השקעה מובטח תשואה,"תא ללא תוכן, המשך בתא הבא","תא ללא תוכן, המשך בתא הבא",8656.8679,0.000175
214,2172,החזקה באפיק השקעה מובטח תשואה,"תא ללא תוכן, המשך בתא הבא","תא ללא תוכן, המשך בתא הבא",227774.52195,0.004622
214,2172,החזקה באפיק השקעה מובטח תשואה,"תא ללא תוכן, המשך בתא הבא","תא ללא תוכן, המשך בתא הבא",343005.92218,0.00696
214,2172,החזקה באפיק השקעה מובטח תשואה,"תא ללא תוכן, המשך בתא הבא","תא ללא תוכן, המשך בתא הבא",138306.12347,0.002806
214,2172,החזקה באפיק השקעה מובטח תשואה,"תא ללא תוכן, המשך בתא הבא","תא ללא תוכן, המשך בתא הבא",330665.11354,0.00671
214,2172,החזקה באפיק השקעה מובטח תשואה,"תא ללא תוכן, המשך בתא הבא","תא ללא תוכן, המשך בתא הבא",186511.11355,0.003784
214,2172,החזקה באפיק השקעה מובטח תשואה,"תא ללא תוכן, המשך בתא הבא","תא ללא תוכן, המשך בתא הבא",210470.82265,0.004271
214,2172,החזקה באפיק השקעה מובטח תשואה,"תא ללא תוכן, המשך בתא הבא","תא ללא תוכן, המשך בתא הבא",128257.17194,0.002602
214,2172,החזקה באפיק השקעה מובטח תשואה,"תא ללא תוכן, המשך בתא הבא","תא ללא תוכן, המשך בתא הבא",86862.92954,0.001762
214,2172,החזקה באפיק השקעה מובטח תשואה,"תא ללא תוכן, המשך בתא הבא","תא ללא תוכן, המשך בתא הבא",302964.9358,0.006148
214,2173,החזקה באפיק השקעה מובטח תשואה,"תא ללא תוכן, המשך בתא הבא","תא ללא תוכן, המשך בתא הבא",27066.82675,0.006141
214,2173,החזקה באפיק השקעה מובטח תשואה,"תא ללא תוכן, המשך בתא הבא","תא ללא תוכן, המשך בתא הבא",18844.14962,0.004275
214,2173,החזקה באפיק השקעה מובטח תשואה,"תא ללא תוכן, המשך בתא הבא","תא ללא תוכן, המשך בתא הבא",18153.23032,0.004118
214,2173,החזקה באפיק השקעה מובטח תשואה,"תא ללא תוכן, המשך בתא הבא","תא ללא תוכן, המשך בתא הבא",30644.08046,0.006952
214,2173,החזקה באפיק השקעה מובטח תשואה,"תא ללא תוכן, המשך בתא הבא","תא ללא תוכן, המשך בתא הבא",16724.31027,0.003794
214,2173,החזקה באפיק השקעה מובטח תשואה,"תא ללא תוכן, המשך בתא הבא","תא ללא תוכן, המשך בתא הבא",9860.20971,0.002237
214,2173,החזקה באפיק השקעה מובטח תשואה,"תא ללא תוכן, המשך בתא הבא","תא ללא תוכן, המשך בתא הבא",21839.35356,0.004955
214,2173,החזקה באפיק השקעה מובטח תשואה,"תא ללא תוכן, המשך בתא הבא","תא ללא תוכן, המשך בתא הבא",7760.31675,0.00176
214,2173,החזקה באפיק השקעה מובטח תשואה,"תא ללא תוכן, המשך בתא הבא","תא ללא תוכן, המשך בתא הבא",11458.47008,0.002599
214,2173,החזקה באפיק השקעה מובטח תשואה,"תא ללא תוכן, המשך בתא הבא","תא ללא תוכן, המשך בתא הבא",23391.97996,0.005307
214,2173,החזקה באפיק השקעה מובטח תשואה,"תא ללא תוכן, המשך בתא הבא","תא ללא תוכן, המשך בתא הבא",18803.42118,0.004266
214,2173,החזקה באפיק השקעה מובטח תשואה,"תא ללא תוכן, המשך בתא הבא","תא ללא תוכן, המשך בתא הבא",773.40285,0.000175
214,2173,החזקה באפיק השקעה מובטח תשואה,"תא ללא תוכן, המשך בתא הבא","תא ללא תוכן, המשך בתא הבא",12356.2414,0.002803
214,2173,החזקה באפיק השקעה מובטח תשואה,"תא ללא תוכן, המשך בתא הבא","תא ללא תוכן, המשך בתא הבא",16662.86557,0.00378
214,2173,החזקה באפיק השקעה מובטח תשואה,"תא ללא תוכן, המשך בתא הבא","תא ללא תוכן, המשך בתא הבא",16517.60041,0.003747
214,2173,החזקה באפיק השקעה מובטח תשואה,"תא ללא תוכן, המשך בתא הבא","תא ללא תוכן, המשך בתא הבא",13650.34889,0.003097
214,2173,החזקה באפיק השקעה מובטח תשואה,"תא ללא תוכן, המשך בתא הבא","תא ללא תוכן, המשך בתא הבא",18371.6423,0.004168
214,2173,החזקה באפיק השקעה מובטח תשואה,"תא ללא תוכן, המשך בתא הבא","תא ללא תוכן, המשך בתא הבא",1746.38326,0.000396
214,2173,החזקה באפיק השקעה מובטח תשואה,"תא ללא תוכן, המשך בתא הבא","תא ללא תוכן, המשך בתא הבא",19858.25029,0.004505
214,2173,החזקה באפיק השקעה מובטח תשואה,"תא ללא תוכן, המשך בתא הבא","תא ללא תוכן, המשך בתא הבא",8911.05173,0.002021
214,2173,החזקה באפיק השקעה מובטח תשואה,"תא ללא תוכן, המשך בתא הבא","תא ללא תוכן, המשך בתא הבא",22885.14901,0.005192
214,2173,החזקה באפיק השקעה מובטח תשואה,"תא ללא תוכן, המשך בתא הבא","תא ללא תוכן, המשך בתא הבא",2925.17446,0.000663
214,2173,החזקה באפיק השקעה מובטח תשואה,"תא ללא תוכן, המשך בתא הבא","תא ללא תוכן, המשך בתא הבא",29541.55508,0.006702
214,2173,החזקה באפיק השקעה מובטח תשואה,"תא ללא תוכן, המשך בתא הבא","תא ללא תוכן, המשך בתא הבא",3912.03913,0.000887
214,2173,החזקה באפיק השקעה מובטח תשואה,"תא ללא תוכן, המשך בתא הבא","תא ללא תוכן, המשך בתא הבא",18961.0255,0.004302
214,2173,החזקה באפיק השקעה מובטח תשואה,"תא ללא תוכן, המשך בתא הבא","תא ללא תוכן, המשך בתא הבא",21835.21477,0.004954
214,2173,החזקה באפיק השקעה מובטח תשואה,"תא ללא תוכן, המשך בתא הבא","תא ללא תוכן, המשך בתא הבא",20349.33022,0.004617
214,2174,החזקה באפיק השקעה מובטח תשואה,"תא ללא תוכן, המשך בתא הבא","תא ללא תוכן, המשך בתא הבא",1894.7645,0.006763
214,2174,החזקה באפיק השקעה מובטח תשואה,"תא ללא תוכן, המשך בתא הבא","תא ללא תוכן, המשך בתא הבא",1500.33717,0.005355
214,2174,החזקה באפיק השקעה מובטח תשואה,"תא ללא תוכן, המשך בתא הבא","תא ללא תוכן, המשך בתא הבא",1965.47933,0.007015
214,2174,החזקה באפיק השקעה מובטח תשואה,"תא ללא תוכן, המשך בתא הבא","תא ללא תוכן, המשך בתא הבא",1305.1848,0.004658
214,2174,החזקה באפיק השקעה מובטח תשואה,"תא ללא תוכן, המשך בתא הבא","תא ללא תוכן, המשך בתא הבא",1273.68744,0.004546
214,2174,החזקה באפיק השקעה מובטח תשואה,"תא ללא תוכן, המשך בתא הבא","תא ללא תוכן, המשך בתא הבא",49.60525,0.000177
214,2174,החזקה באפיק השקעה מובטח תשואה,"תא ללא תוכן, המשך בתא הבא","תא ללא תוכן, המשך בתא הבא",875.51913,0.003125
214,2174,החזקה באפיק השקעה מובטח תשואה,"תא ללא תוכן, המשך בתא הבא","תא ללא תוכן, המשך בתא הבא",1216.14038,0.00434
214,2174,החזקה באפיק השקעה מובטח תשואה,"תא ללא תוכן, המשך בתא הבא","תא ללא תוכן, המשך בתא הבא",1164.32924,0.004155
214,2174,החזקה באפיק השקעה מובטח תשואה,"תא ללא תוכן, המשך בתא הבא","תא ללא תוכן, המשך בתא הבא",571.54556,0.00204
214,2174,החזקה באפיק השקעה מובטח תשואה,"תא ללא תוכן, המשך בתא הבא","תא ללא תוכן, המשך בתא הבא",734.93431,0.002623
214,2174,החזקה באפיק השקעה מובטח תשואה,"תא ללא תוכן, המשך בתא הבא","תא ללא תוכן, המשך בתא הבא",1206.0318,0.004304
214,2174,החזקה באפיק השקעה מובטח תשואה,"תא ללא תוכן, המשך בתא הבא","תא ללא תוכן, המשך בתא הבא",1400.48788,0.004998
214,2174,החזקה באפיק השקעה מובטח תשואה,"תא ללא תוכן, המשך בתא הבא","תא ללא תוכן, המשך בתא הבא",792.51642,0.002828
214,2174,החזקה באפיק השקעה מובטח תשואה,"תא ללא תוכן, המשך בתא הבא","תא ללא תוכן, המשך בתא הבא",1208.64408,0.004314
214,2174,החזקה באפיק השקעה מובטח תשואה,"תא ללא תוכן, המשך בתא הבא","תא ללא תוכן, המשך בתא הבא",187.61764,0.000669
214,2174,החזקה באפיק השקעה מובטח תשואה,"תא ללא תוכן, המשך בתא הבא","תא ללא תוכן, המשך בתא הבא",112.0112,0.000399
214,2174,החזקה באפיק השקעה מובטח תשואה,"תא ללא תוכן, המשך בתא הבא","תא ללא תוכן, המשך בתא הבא",497.73861,0.001776
214,2174,החזקה באפיק השקעה מובטח תשואה,"תא ללא תוכן, המשך בתא הבא","תא ללא תוכן, המשך בתא הבא",1068.7388,0.003814
214,2174,החזקה באפיק השקעה מובטח תשואה,"תא ללא תוכן, המשך בתא הבא","תא ללא תוכן, המשך בתא הבא",1467.82957,0.005239
214,2174,החזקה באפיק השקעה מובטח תשואה,"תא ללא תוכן, המשך בתא הבא","תא ללא תוכן, המשך בתא הבא",1072.6798,0.003828
214,2174,החזקה באפיק השקעה מובטח תשואה,"תא ללא תוכן, המשך בתא הבא","תא ללא תוכן, המשך בתא הבא",1059.42165,0.003781
214,2174,החזקה באפיק השקעה מובטח תשואה,"תא ללא תוכן, המשך בתא הבא","תא ללא תוכן, המשך בתא הבא",1400.75334,0.004999
214,2174,החזקה באפיק השקעה מובטח תשואה,"תא ללא תוכן, המשך בתא הבא","תא ללא תוכן, המשך בתא הבא",250.91411,0.000895
214,2174,החזקה באפיק השקעה מובטח תשואה,"תא ללא תוכן, המשך בתא הבא","תא ללא תוכן, המשך בתא הבא",632.42356,0.002257
214,2174,החזקה באפיק השקעה מובטח תשואה,"תא ללא תוכן, המשך בתא הבא","תא ללא תוכן, המשך בתא הבא",1178.33796,0.004205
214,2174,החזקה באפיק השקעה מובטח תשואה,"תא ללא תוכן, המשך בתא הבא","תא ללא תוכן, המשך בתא הבא",1736.03801,0.006196
214,2175,החזקה באפיק השקעה מובטח תשואה,"תא ללא תוכן, המשך בתא הבא","תא ללא תוכן, המשך בתא הבא",10163.40925,0.000875
214,2175,החזקה באפיק השקעה מובטח תשואה,"תא ללא תוכן, המשך בתא הבא","תא ללא תוכן, המשך בתא הבא",49260.41267,0.004242
214,2175,החזקה באפיק השקעה מובטח תשואה,"תא ללא תוכן, המשך בתא הבא","תא ללא תוכן, המשך בתא הבא",52867.20406,0.004552
214,2175,החזקה באפיק השקעה מובטח תשואה,"תא ללא תוכן, המשך בתא הבא","תא ללא תוכן, המשך בתא הבא",56738.25863,0.004886
214,2175,החזקה באפיק השקעה מובטח תשואה,"תא ללא תוכן, המשך בתא הבא","תא ללא תוכן, המשך בתא הבא",32101.29908,0.002764
214,2175,החזקה באפיק השקעה מובטח תשואה,"תא ללא תוכן, המשך בתא הבא","תא ללא תוכן, המשך בתא הבא",70319.14257,0.006055
214,2175,החזקה באפיק השקעה מובטח תשואה,"תא ללא תוכן, המשך בתא הבא","תא ללא תוכן, המשך בתא הבא",25616.6524,0.002206
214,2175,החזקה באפיק השקעה מובטח תשואה,"תא ללא תוכן, המשך בתא הבא","תא ללא תוכן, המשך בתא הבא",23150.75656,0.001993
214,2175,החזקה באפיק השקעה מובטח תשואה,"תא ללא תוכן, המשך בתא הבא","תא ללא תוכן, המשך בתא הבא",48956.77118,0.004216
214,2175,החזקה באפיק השקעה מובטח תשואה,"תא ללא תוכן, המשך בתא הבא","תא ללא תוכן, המשך בתא הבא",42912.43702,0.003695
214,2175,החזקה באפיק השקעה מובטח תשואה,"תא ללא תוכן, המשך בתא הבא","תא ללא תוכן, המשך בתא הבא",29768.90489,0.002563
214,2175,החזקה באפיק השקעה מובטח תשואה,"תא ללא תוכן, המשך בתא הבא","תא ללא תוכן, המשך בתא הבא",56727.50615,0.004885
214,2175,החזקה באפיק השקעה מובטח תשואה,"תא ללא תוכן, המשך בתא הבא","תא ללא תוכן, המשך בתא הבא",4537.07317,0.00039
214,2175,החזקה באפיק השקעה מובטח תשואה,"תא ללא תוכן, המשך בתא הבא","תא ללא תוכן, המשך בתא הבא",2009.28707,0.000173
214,2175,החזקה באפיק השקעה מובטח תשואה,"תא ללא תוכן, המשך בתא הבא","תא ללא תוכן, המשך בתא הבא",60771.95488,0.005233
214,2175,החזקה באפיק השקעה מובטח תשואה,"תא ללא תוכן, המשך בתא הבא","תא ללא תוכן, המשך בתא הבא",47161.77493,0.004061
214,2175,החזקה באפיק השקעה מובטח תשואה,"תא ללא תוכן, המשך בתא הבא","תא ללא תוכן, המשך בתא הבא",51591.38699,0.004442
214,2175,החזקה באפיק השקעה מובטח תשואה,"תא ללא תוכן, המשך בתא הבא","תא ללא תוכן, המשך בתא הבא",7599.55211,0.000654
214,2175,החזקה באפיק השקעה מובטח תשואה,"תא ללא תוכן, המשך בתא הבא","תא ללא תוכן, המשך בתא הבא",35463.36771,0.003054
214,2175,החזקה באפיק השקעה מובטח תשואה,"תא ללא תוכן, המשך בתא הבא","תא ללא תוכן, המשך בתא הבא",43449.46562,0.003741
214,2175,החזקה באפיק השקעה מובטח תשואה,"תא ללא תוכן, המשך בתא הבא","תא ללא תוכן, המשך בתא הבא",43289.83336,0.003728
214,2175,החזקה באפיק השקעה מובטח תשואה,"תא ללא תוכן, המשך בתא הבא","תא ללא תוכן, המשך בתא הבא",48850.95942,0.004206
214,2175,החזקה באפיק השקעה מובטח תשואה,"תא ללא תוכן, המשך בתא הבא","תא ללא תוכן, המשך בתא הבא",79612.78516,0.006856
214,2175,החזקה באפיק השקעה מובטח תשואה,"תא ללא תוכן, המשך בתא הבא","תא ללא תוכן, המשך בתא הבא",20161.1672,0.001736
214,2175,החזקה באפיק השקעה מובטח תשואה,"תא ללא תוכן, המשך בתא הבא","תא ללא תוכן, המשך בתא הבא",76748.44351,0.006609
214,2175,החזקה באפיק השקעה מובטח תשואה,"תא ללא תוכן, המשך בתא הבא","תא ללא תוכן, המשך בתא הבא",59455.21694,0.00512
214,2175,החזקה באפיק השקעה מובטח תשואה,"תא ללא תוכן, המשך בתא הבא","תא ללא תוכן, המשך בתא הבא",47729.20542,0.00411
214,2177,החזקה באפיק השקעה מובטח תשואה,"תא ללא תוכן, המשך בתא הבא","תא ללא תוכן, המשך בתא הבא",41844.32073,0.004267
214,2177,החזקה באפיק השקעה מובטח תשואה,"תא ללא תוכן, המשך בתא הבא","תא ללא תוכן, המשך בתא הבא",27497.04551,0.002804
214,2177,החזקה באפיק השקעה מובטח תשואה,"תא ללא תוכן, המשך בתא הבא","תא ללא תוכן, המשך בתא הבא",17269.47345,0.001761
214,2177,החזקה באפיק השקעה מובטח תשואה,"תא ללא תוכן, המשך בתא הבא","תא ללא תוכן, המשך בתא הבא",41934.95603,0.004276
214,2177,החזקה באפיק השקעה מובטח תשואה,"תא ללא תוכן, המשך בתא הבא","תא ללא תוכן, המשך בתא הבא",40397.41409,0.004119
214,2177,החזקה באפיק השקעה מובטח תשואה,"תא ללא תוכן, המשך בתא הבא","תא ללא תוכן, המשך בתא הבא",1721.09726,0.000175
214,2177,החזקה באפיק השקעה מובטח תשואה,"תא ללא תוכן, המשך בתא הבא","תא ללא תוכן, המשך בתא הבא",48600.3534,0.004956
214,2177,החזקה באפיק השקעה מובטח תשואה,"תא ללא תוכן, המשך בתא הבא","תא ללא תוכן, המשך בתא הבא",48591.14313,0.004955
214,2177,החזקה באפיק השקעה מובטח תשואה,"תא ללא תוכן, המשך בתא הבא","תא ללא תוכן, המשך בתא הבא",37217.55717,0.003795
214,2177,החזקה באפיק השקעה מובטח תשואה,"תא ללא תוכן, המשך בתא הבא","תא ללא תוכן, המשך בתא הבא",42195.04655,0.004303
214,2177,החזקה באפיק השקעה מובטח תשואה,"תא ללא תוכן, המשך בתא הבא","תא ללא תוכן, המשך בתא הבא",6509.55681,0.000663
214,2177,החזקה באפיק השקעה מובטח תשואה,"תא ללא תוכן, המשך בתא הבא","תא ללא תוכן, המשך בתא הבא",52055.50109,0.005308
214,2177,החזקה באפיק השקעה מובטח תשואה,"תא ללא תוכן, המשך בתא הבא","תא ללא תוכן, המשך בתא הבא",40883.45865,0.004169
214,2177,החזקה באפיק השקעה מובטח תשואה,"תא ללא תוכן, המשך בתא הבא","תא ללא תוכן, המשך בתא הבא",21942.48448,0.002237
214,2177,החזקה באפיק השקעה מובטח תשואה,"תא ללא תוכן, המשך בתא הבא","תא ללא תוכן, המשך בתא הבא",50927.6214,0.005193
214,2177,החזקה באפיק השקעה מובטח תשואה,"תא ללא תוכן, המשך בתא הבא","תא ללא תוכן, המשך בתא הבא",60233.34628,0.006142
214,2177,החזקה באפיק השקעה מובטח תשואה,"תא ללא תוכן, המשך בתא הבא","תא ללא תוכן, המשך בתא הבא",8705.68278,0.000887
214,2177,החזקה באפיק השקעה מובטח תשואה,"תא ללא תוכן, המשך בתא הבא","תא ללא תוכן, המשך בתא הבא",25499.18402,0.0026
214,2177,החזקה באפיק השקעה מובטח תשואה,"תא ללא תוכן, המשך בתא הבא","תא ללא תוכן, המשך בתא הבא",45284.51987,0.004618
214,2177,החזקה באפיק השקעה מובטח תשואה,"תא ללא תוכן, המשך בתא הבא","תא ללא תוכן, המשך בתא הבא",65740.49975,0.006704
214,2177,החזקה באפיק השקעה מובטח תשואה,"תא ללא תוכן, המשך בתא הבא","תא ללא תוכן, המשך בתא הבא",19830.26934,0.002022
214,2177,החזקה באפיק השקעה מובטח תשואה,"תא ללא תוכן, המשך בתא הבא","תא ללא תוכן, המשך בתא הבא",3886.32582,0.000396
214,2177,החזקה באפיק השקעה מובטח תשואה,"תא ללא תוכן, המשך בתא הבא","תא ללא תוכן, המשך בתא הבא",37080.82078,0.003781
214,2177,החזקה באפיק השקעה מובטח תשואה,"תא ללא תוכן, המשך בתא הבא","תא ללא תוכן, המשך בתא הבא",68194.01206,0.006954
214,2177,החזקה באפיק השקעה מובטח תשואה,"תא ללא תוכן, המשך בתא הבא","תא ללא תוכן, המשך בתא הבא",44191.69182,0.004506
214,2177,החזקה באפיק השקעה מובטח תשואה,"תא ללא תוכן, המשך בתא הבא","תא ללא תוכן, המשך בתא הבא",36757.55398,0.003748
214,2177,החזקה באפיק השקעה מובטח תשואה,"תא ללא תוכן, המשך בתא הבא","תא ללא תוכן, המשך בתא הבא",30376.89639,0.003097
214,2203,החזקה באפיק השקעה מובטח תשואה,"תא ללא תוכן, המשך בתא הבא","תא ללא תוכן, המשך בתא הבא",7549.82782,0.003907
214,2203,החזקה באפיק השקעה מובטח תשואה,"תא ללא תוכן, המשך בתא הבא","תא ללא תוכן, המשך בתא הבא",21242.96176,0.010995
214,2203,החזקה באפיק השקעה מובטח תשואה,"תא ללא תוכן, המשך בתא הבא","תא ללא תוכן, המשך בתא הבא",18293.4018,0.009468
214,2203,החזקה באפיק השקעה מובטח תשואה,"תא ללא תוכן, המשך בתא הבא","תא ללא תוכן, המשך בתא הבא",8669.35055,0.004487
214,2203,החזקה באפיק השקעה מובטח תשואה,"תא ללא תוכן, המשך בתא הבא","תא ללא תוכן, המשך בתא הבא",21246.98828,0.010997
214,2203,החזקה באפיק השקעה מובטח תשואה,"תא ללא תוכן, המשך בתא הבא","תא ללא תוכן, המשך בתא הבא",26332.67277,0.01363
214,2203,החזקה באפיק השקעה מובטח תשואה,"תא ללא תוכן, המשך בתא הבא","תא ללא תוכן, המשך בתא הבא",17660.84655,0.009141
214,2203,החזקה באפיק השקעה מובטח תשואה,"תא ללא תוכן, המשך בתא הבא","תא ללא תוכן, המשך בתא הבא",9592.7638,0.004965
214,2203,החזקה באפיק השקעה מובטח תשואה,"תא ללא תוכן, המשך בתא הבא","תא ללא תוכן, המשך בתא הבא",1699.01479,0.000879
214,2203,החזקה באפיק השקעה מובטח תשואה,"תא ללא תוכן, המשך בתא הבא","תא ללא תוכן, המשך בתא הבא",19797.37997,0.010247
214,2203,החזקה באפיק השקעה מובטח תשואה,"תא ללא תוכן, המשך בתא הבא","תא ללא תוכן, המשך בתא הבא",17873.33437,0.009251
214,2203,החזקה באפיק השקעה מובטח תשואה,"תא ללא תוכן, המשך בתא הבא","תא ללא תוכן, המשך בתא הבא",752.42526,0.000389
214,2203,החזקה באפיק השקעה מובטח תשואה,"תא ללא תוכן, המשך בתא הבא","תא ללא תוכן, המשך בתא הבא",12021.09374,0.006222
214,2203,החזקה באפיק השקעה מובטח תשואה,"תא ללא תוכן, המשך בתא הבא","תא ללא תוכן, המשך בתא הבא",18446.73129,0.009548
214,2203,החזקה באפיק השקעה מובטח תשואה,"תא ללא תוכן, המשך בתא הבא","תא ללא תוכן, המשך בתא הבא",28740.27719,0.014876
214,2203,החזקה באפיק השקעה מובטח תשואה,"תא ללא תוכן, המשך בתא הבא","תא ללא תוכן, המשך בתא הבא",18333.02552,0.009489
214,2203,החזקה באפיק השקעה מובטח תשואה,"תא ללא תוכן, המשך בתא הבא","תא ללא תוכן, המשך בתא הבא",16210.90609,0.00839
214,2203,החזקה באפיק השקעה מובטח תשואה,"תא ללא תוכן, המשך בתא הבא","תא ללא תוכן, המשך בתא הבא",16270.68418,0.008421
214,2203,החזקה באפיק השקעה מובטח תשואה,"תא ללא תוכן, המשך בתא הבא","תא ללא תוכן, המשך בתא הבא",11147.67335,0.00577
214,2203,החזקה באפיק השקעה מובטח תשואה,"תא ללא תוכן, המשך בתא הבא","תא ללא תוכן, המשך בתא הבא",2845.83275,0.001473
214,2203,החזקה באפיק השקעה מובטח תשואה,"תא ללא תוכן, המשך בתא הבא","תא ללא תוכן, המשך בתא הבא",22264.41784,0.011524
214,2203,החזקה באפיק השקעה מובטח תשואה,"תא ללא תוכן, המשך בתא הבא","תא ללא תוכן, המשך בתא הבא",3805.92994,0.001969
214,2203,החזקה באפיק השקעה מובטח תשואה,"תא ללא תוכן, המשך בתא הבא","תא ללא תוכן, המשך בתא הבא",29812.89793,0.015431
214,2203,החזקה באפיק השקעה מובטח תשואה,"תא ללא תוכן, המשך בתא הבא","תא ללא תוכן, המשך בתא הבא",19319.61998,0.009999
214,2203,החזקה באפיק השקעה מובטח תשואה,"תא ללא תוכן, המשך בתא הבא","תא ללא תוכן, המשך בתא הבא",13280.10017,0.006873
214,2203,החזקה באפיק השקעה מובטח תשואה,"תא ללא תוכן, המשך בתא הבא","תא ללא תוכן, המשך בתא הבא",22757.50163,0.011779
214,2203,החזקה באפיק השקעה מובטח תשואה,"תא ללא תוכן, המשך בתא הבא","תא ללא תוכן, המשך בתא הבא",16069.58106,0.008317
214,8806,החזקה באפיק השקעה מובטח תשואה,"תא ללא תוכן, המשך בתא הבא","תא ללא תוכן, המשך בתא הבא",255.30625,0.003908
214,8806,החזקה באפיק השקעה מובטח תשואה,"תא ללא תוכן, המשך בתא הבא","תא ללא תוכן, המשך בתא הבא",324.39052,0.004965
214,8806,החזקה באפיק השקעה מובטח תשואה,"תא ללא תוכן, המשך בתא הבא","תא ללא תוכן, המשך בתא הבא",597.22216,0.009142
214,8806,החזקה באפיק השקעה מובטח תשואה,"תא ללא תוכן, המשך בתא הבא","תא ללא תוכן, המשך בתא הבא",769.57151,0.01178
214,8806,החזקה באפיק השקעה מובטח תשואה,"תא ללא תוכן, המשך בתא הבא","תא ללא תוכן, המשך בתא הבא",550.2122,0.008422
214,8806,החזקה באפיק השקעה מובטח תשואה,"תא ללא תוכן, המשך בתא הבא","תא ללא תוכן, המשך בתא הבא",890.4701,0.013631
214,8806,החזקה באפיק השקעה מובטח תשואה,"תא ללא תוכן, המשך בתא הבא","תא ללא תוכן, המשך בתא הבא",718.49173,0.010998
214,8806,החזקה באפיק השקעה מובטח תשואה,"תא ללא תוכן, המשך בתא הבא","תא ללא תוכן, המשך בתא הבא",619.95268,0.00949
214,8806,החזקה באפיק השקעה מובטח תשואה,"תא ללא תוכן, המשך בתא הבא","תא ללא תוכן, המשך בתא הבא",96.23516,0.001473
214,8806,החזקה באפיק השקעה מובטח תשואה,"תא ללא תוכן, המשך בתא הבא","תא ללא תוכן, המשך בתא הבא",1008.15798,0.015432
214,8806,החזקה באפיק השקעה מובטח תשואה,"תא ללא תוכן, המשך בתא הבא","תא ללא תוכן, המשך בתא הבא",293.16422,0.004487
214,8806,החזקה באפיק השקעה מובטח תשואה,"תא ללא תוכן, המשך בתא הבא","תא ללא תוכן, המשך בתא הבא",604.40769,0.009252
214,8806,החזקה באפיק השקעה מובטח תשואה,"תא ללא תוכן, המשך בתא הבא","תא ללא תוכן, המשך בתא הבא",623.79777,0.009549
214,8806,החזקה באפיק השקעה מובטח תשואה,"תא ללא תוכן, המשך בתא הבא","תא ללא תוכן, המשך בתא הבא",653.31552,0.01
214,8806,החזקה באפיק השקעה מובטח תשואה,"תא ללא תוכן, המשך בתא הבא","תא ללא תוכן, המשך בתא הבא",718.35557,0.010996
214,8806,החזקה באפיק השקעה מובטח תשואה,"תא ללא תוכן, המשך בתא הבא","תא ללא תוכן, המשך בתא הבא",971.88605,0.014877
214,8806,החזקה באפיק השקעה מובטח תשואה,"תא ללא תוכן, המשך בתא הבא","תא ללא תוכן, המשך בתא הבא",449.0821,0.006874
214,8806,החזקה באפיק השקעה מובטח תשואה,"תא ללא תוכן, המשך בתא הבא","תא ללא תוכן, המשך בתא הבא",57.45417,0.000879
214,8806,החזקה באפיק השקעה מובטח תשואה,"תא ללא תוכן, המשך בתא הבא","תא ללא תוכן, המשך בתא הבא",406.50733,0.006222
214,8806,החזקה באפיק השקעה מובטח תשואה,"תא ללא תוכן, המשך בתא הבא","תא ללא תוכן, המשך בתא הבא",376.9716,0.00577
214,8806,החזקה באפיק השקעה מובטח תשואה,"תא ללא תוכן, המשך בתא הבא","תא ללא תוכן, המשך בתא הבא",543.41166,0.008318
214,8806,החזקה באפיק השקעה מובטח תשואה,"תא ללא תוכן, המשך בתא הבא","תא ללא תוכן, המשך בתא הבא",25.44414,0.000389
214,8806,החזקה באפיק השקעה מובטח תשואה,"תא ללא תוכן, המשך בתא הבא","תא ללא תוכן, המשך בתא הבא",669.47154,0.010248
214,8806,החזקה באפיק השקעה מובטח תשואה,"תא ללא תוכן, המשך בתא הבא","תא ללא תוכן, המשך בתא הבא",752.8973,0.011525
214,8806,החזקה באפיק השקעה מובטח תשואה,"תא ללא תוכן, המשך בתא הבא","תא ללא תוכן, המשך בתא הבא",128.70197,0.00197
214,8806,החזקה באפיק השקעה מובטח תשואה,"תא ללא תוכן, המשך בתא הבא","תא ללא תוכן, המשך בתא הבא",548.19073,0.008391
214,8806,החזקה באפיק השקעה מובטח תשואה,"תא ללא תוכן, המשך בתא הבא","תא ללא תוכן, המשך בתא הבא",618.61276,0.009469
214,9097,החזקה באפיק השקעה מובטח תשואה,"תא ללא תוכן, המשך בתא הבא","תא ללא תוכן, המשך בתא הבא",1189.52955,0.005019
214,9097,החזקה באפיק השקעה מובטח תשואה,"תא ללא תוכן, המשך בתא הבא","תא ללא תוכן, המשך בתא הבא",95.13872,0.000401
214,9097,החזקה באפיק השקעה מובטח תשואה,"תא ללא תוכן, המשך בתא הבא","תא ללא תוכן, המשך בתא הבא",1246.72742,0.005261
214,9097,החזקה באפיק השקעה מובטח תשואה,"תא ללא תוכן, המשך בתא הבא","תא ללא תוכן, המשך בתא הבא",624.22966,0.002634
214,9097,החזקה באפיק השקעה מובטח תשואה,"תא ללא תוכן, המשך בתא הבא","תא ללא תוכן, המשך בתא הבא",159.35641,0.000672
214,9097,החזקה באפיק השקעה מובטח תשואה,"תא ללא תוכן, המשך בתא הבא","תא ללא תוכן, המשך בתא הבא",1026.58357,0.004332
214,9097,החזקה באפיק השקעה מובטח תשואה,"תא ללא תוכן, המשך בתא הבא","תא ללא תוכן, המשך בתא הבא",1032.95068,0.004359
214,9097,החזקה באפיק השקעה מובטח תשואה,"תא ללא תוכן, המשך בתא הבא","תא ללא תוכן, המשך בתא הבא",907.7525,0.00383
214,9097,החזקה באפיק השקעה מובטח תשואה,"תא ללא תוכן, המשך בתא הבא","תא ללא תוכן, המשך בתא הבא",899.83881,0.003797
214,9097,החזקה באפיק השקעה מובטח תשואה,"תא ללא תוכן, המשך בתא הבא","תא ללא תוכן, המשך בתא הבא",1108.58216,0.004678
214,9097,החזקה באפיק השקעה מובטח תשואה,"תא ללא תוכן, המשך בתא הבא","תא ללא תוכן, המשך בתא הבא",213.1184,0.000899
214,9097,החזקה באפיק השקעה מובטח תשואה,"תא ללא תוכן, המשך בתא הבא","תא ללא תוכן, המשך בתא הבא",911.09986,0.003844
214,9097,החזקה באפיק השקעה מובטח תשואה,"תא ללא תוכן, המשך בתא הבא","תא ללא תוכן, המשך בתא הבא",1189.75502,0.00502
214,9097,החזקה באפיק השקעה מובטח תשואה,"תא ללא תוכן, המשך בתא הבא","תא ללא תוכן, המשך בתא הבא",1669.41518,0.007044
214,9097,החזקה באפיק השקעה מובטח תשואה,"תא ללא תוכן, המשך בתא הבא","תא ללא תוכן, המשך בתא הבא",1609.35228,0.006791
214,9097,החזקה באפיק השקעה מובטח תשואה,"תא ללא תוכן, המשך בתא הבא","תא ללא תוכן, המשך בתא הבא",1000.84252,0.004223
214,9097,החזקה באפיק השקעה מובטח תשואה,"תא ללא תוכן, המשך בתא הבא","תא ללא תוכן, המשך בתא הבא",743.6379,0.003138
214,9097,החזקה באפיק השקעה מובטח תשואה,"תא ללא תוכן, המשך בתא הבא","תא ללא תוכן, המשך בתא הבא",485.45249,0.002048
214,9097,החזקה באפיק השקעה מובטח תשואה,"תא ללא תוכן, המשך בתא הבא","תא ללא תוכן, המשך בתא הבא",1274.33834,0.005377
214,9097,החזקה באפיק השקעה מובטח תשואה,"תא ללא תוכן, המשך בתא הבא","תא ללא תוכן, המשך בתא הבא",42.13311,0.000177
214,9097,החזקה באפיק השקעה מובטח תשואה,"תא ללא תוכן, המשך בתא הבא","תא ללא תוכן, המשך בתא הבא",1024.36478,0.004322
214,9097,החזקה באפיק השקעה מובטח תשואה,"תא ללא תוכן, המשך בתא הבא","תא ללא תוכן, המשך בתא הבא",1474.53508,0.006222
214,9097,החזקה באפיק השקעה מובטח תשואה,"תא ללא תוכן, המשך בתא הבא","תא ללא תוכן, המשך בתא הבא",422.76324,0.001784
214,9097,החזקה באפיק השקעה מובטח תשואה,"תא ללא תוכן, המשך בתא הבא","תא ללא תוכן, המשך בתא הבא",673.13806,0.00284
214,9097,החזקה באפיק השקעה מובטח תשואה,"תא ללא תוכן, המשך בתא הבא","תא ללא תוכן, המשך בתא הבא",988.94396,0.004173
214,9097,החזקה באפיק השקעה מובטח תשואה,"תא ללא תוכן, המשך בתא הבא","תא ללא תוכן, המשך בתא הבא",537.16031,0.002266
214,9097,החזקה באפיק השקעה מובטח תשואה,"תא ללא תוכן, המשך בתא הבא","תא ללא תוכן, המשך בתא הבא",1081.82931,0.004565
214,9823,החזקה באפיק השקעה מובטח תשואה,"תא ללא תוכן, המשך בתא הבא","תא ללא תוכן, המשך בתא הבא",200575.62144,0.004943
214,9823,החזקה באפיק השקעה מובטח תשואה,"תא ללא תוכן, המשך בתא הבא","תא ללא תוכן, המשך בתא הבא",113481.41742,0.002797
214,9823,החזקה באפיק השקעה מובטח תשואה,"תא ללא תוכן, המשך בתא הבא","תא ללא תוכן, המשך בתא הבא",153598.36164,0.003785
214,9823,החזקה באפיק השקעה מובטח תשואה,"תא ללא תוכן, המשך בתא הבא","תא ללא תוכן, המשך בתא הבא",186891.04253,0.004606
214,9823,החזקה באפיק השקעה מובטח תשואה,"תא ללא תוכן, המשך בתא הבא","תא ללא תוכן, המשך בתא הבא",166721.75958,0.004109
214,9823,החזקה באפיק השקעה מובטח תשואה,"תא ללא תוכן, המשך בתא הבא","תא ללא תוכן, המשך בתא הבא",7103.03792,0.000175
214,9823,החזקה באפיק השקעה מובטח תשואה,"תא ללא תוכן, המשך בתא הבא","תא ללא תוכן, המשך בתא הבא",71271.81442,0.001756
214,9823,החזקה באפיק השקעה מובטח תשואה,"תא ללא תוכן, המשך בתא הבא","תא ללא תוכן, המשך בתא הבא",153034.04505,0.003771
214,9823,החזקה באפיק השקעה מובטח תשואה,"תא ללא תוכן, המשך בתא הבא","תא ללא תוכן, המשך בתא הבא",182380.89704,0.004495
214,9823,החזקה באפיק השקעה מובטח תשואה,"תא ללא תוכן, המשך בתא הבא","תא ללא תוכן, המשך בתא הבא",105236.16237,0.002593
214,9823,החזקה באפיק השקעה מובטח תשואה,"תא ללא תוכן, המשך בתא הבא","תא ללא תוכן, המשך בתא הבא",35928.70445,0.000885
214,9823,החזקה באפיק השקעה מובטח תשואה,"תא ללא תוכן, המשך בתא הבא","תא ללא תוכן, המשך בתא הבא",173067.25726,0.004265
214,9823,החזקה באפיק השקעה מובטח תשואה,"תא ללא תוכן, המשך בתא הבא","תא ללא תוכן, המשך בתא הבא",151699.9099,0.003739
214,9823,החזקה באפיק השקעה מובטח תשואה,"תא ללא תוכן, המשך בתא הבא","תא ללא תוכן, המשך בתא הבא",248585.45291,0.006126
214,9823,החזקה באפיק השקעה מובטח תשואה,"תא ללא תוכן, המשך בתא הבא","תא ללא תוכן, המשך בתא הבא",200537.61029,0.004942
214,9823,החזקה באפיק השקעה מובטח תשואה,"תא ללא תוכן, המשך בתא הבא","תא ללא תוכן, המשך בתא הבא",81840.32249,0.002017
214,9823,החזקה באפיק השקעה מובטח תשואה,"תא ללא תוכן, המשך בתא הבא","תא ללא תוכן, המשך בתא הבא",214835.15549,0.005295
214,9823,החזקה באפיק השקעה מובטח תשואה,"תא ללא תוכן, המשך בתא הבא","תא ללא תוכן, המשך בתא הבא",168727.68514,0.004158
214,9823,החזקה באפיק השקעה מובטח תשואה,"תא ללא תוכן, המשך בתא הבא","תא ללא תוכן, המשך בתא הבא",271313.69772,0.006687
214,9823,החזקה באפיק השקעה מובטח תשואה,"תא ללא תוכן, המשך בתא הבא","תא ללא תוכן, המשך בתא הבא",174140.66137,0.004292
214,9823,החזקה באפיק השקעה מובטח תשואה,"תא ללא תוכן, המשך בתא הבא","תא ללא תוכן, המשך בתא הבא",125366.67831,0.003089
214,9823,החזקה באפיק השקעה מובטח תשואה,"תא ללא תוכן, המשך בתא הבא","תא ללא תוכן, המשך בתא הבא",281439.44213,0.006936
214,9823,החזקה באפיק השקעה מובטח תשואה,"תא ללא תוכן, המשך בתא הבא","תא ללא תוכן, המשך בתא הבא",210180.35047,0.00518
214,9823,החזקה באפיק השקעה מובטח תשואה,"תא ללא תוכן, המשך בתא הבא","תא ללא תוכן, המשך בתא הבא",90557.51972,0.002232
214,9823,החזקה באפיק השקעה מובטח תשואה,"תא ללא תוכן, המשך בתא הבא","תא ללא תוכן, המשך בתא הבא",172693.20172,0.004256
214,9823,החזקה באפיק השקעה מובטח תשואה,"תא ללא תוכן, המשך בתא הבא","תא ללא תוכן, המשך בתא הבא",16039.02362,0.000395
214,9823,החזקה באפיק השקעה מובטח תשואה,"תא ללא תוכן, המשך בתא הבא","תא ללא תוכן, המשך בתא הבא",26865.20388,0.000662
214,9827,החזקה באפיק השקעה מובטח תשואה,"תא ללא תוכן, המשך בתא הבא","תא ללא תוכן, המשך בתא הבא",53018.105,0.004115
214,9827,החזקה באפיק השקעה מובטח תשואה,"תא ללא תוכן, המשך בתא הבא","תא ללא תוכן, המשך בתא הבא",2258.791,0.000175
214,9827,החזקה באפיק השקעה מובטח תשואה,"תא ללא תוכן, המשך בתא הבא","תא ללא תוכן, המשך בתא הבא",63783.75195,0.004951
214,9827,החזקה באפיק השקעה מובטח תשואה,"תא ללא תוכן, המשך בתא הבא","תא ללא תוכן, המשך בתא הבא",28797.60927,0.002235
214,9827,החזקה באפיק השקעה מובטח תשואה,"תא ללא תוכן, המשך בתא הבא","תא ללא תוכן, המשך בתא הבא",22664.68726,0.001759
214,9827,החזקה באפיק השקעה מובטח תשואה,"תא ללא תוכן, המשך בתא הבא","תא ללא תוכן, המשך בתא הבא",48241.10405,0.003744
214,9827,החזקה באפיק השקעה מובטח תשואה,"תא ללא תוכן, המשך בתא הבא","תא ללא תוכן, המשך בתא הבא",54917.04457,0.004263
214,9827,החזקה באפיק השקעה מובטח תשואה,"תא ללא תוכן, המשך בתא הבא","תא ללא תוכן, המשך בתא הבא",11425.45418,0.000886
214,9827,החזקה באפיק השקעה מובטח תשואה,"תא ללא תוכן, המשך בתא הבא","תא ללא תוכן, המשך בתא הבא",33465.46918,0.002597
214,9827,החזקה באפיק השקעה מובטח תשואה,"תא ללא תוכן, המשך בתא הבא","תא ללא תוכן, המשך בתא הבא",55035.99554,0.004272
214,9827,החזקה באפיק השקעה מובטח תשואה,"תא ללא תוכן, המשך בתא הבא","תא ללא תוכן, המשך בתא הבא",59432.0078,0.004613
214,9827,החזקה באפיק השקעה מובטח תשואה,"תא ללא תוכן, המשך בתא הבא","תא ללא תוכן, המשך בתא הבא",39867.04393,0.003094
214,9827,החזקה באפיק השקעה מובטח תשואה,"תא ללא תוכן, המשך בתא הבא","תא ללא תוכן, המשך בתא הבא",36087.48924,0.002801
214,9827,החזקה באפיק השקעה מובטח תשואה,"תא ללא תוכן, המשך בתא הבא","תא ללא תוכן, המשך בתא הבא",89498.73089,0.006947
214,9827,החזקה באפיק השקעה מובטח תשואה,"תא ללא תוכן, המשך בתא הבא","תא ללא תוכן, המשך בתא הבא",48844.81837,0.003791
214,9827,החזקה באפיק השקעה מובטח תשואה,"תא ללא תוכן, המשך בתא הבא","תא ללא תוכן, המשך בתא הבא",66838.08951,0.005188
214,9827,החזקה באפיק השקעה מובטח תשואה,"תא ללא תוכן, המשך בתא הבא","תא ללא תוכן, המשך בתא הבא",26025.50994,0.00202
214,9827,החזקה באפיק השקעה מובטח תשואה,"תא ללא תוכן, המשך בתא הבא","תא ללא תוכן, המשך בתא הבא",68318.33385,0.005303
214,9827,החזקה באפיק השקעה מובטח תשואה,"תא ללא תוכן, המשך בתא הבא","תא ללא תוכן, המשך בתא הבא",86278.70861,0.006697
214,9827,החזקה באפיק השקעה מובטח תשואה,"תא ללא תוכן, המשך בתא הבא","תא ללא תוכן, המשך בתא הבא",63771.66427,0.00495
214,9827,החזקה באפיק השקעה מובטח תשואה,"תא ללא תוכן, המשך בתא הבא","תא ללא תוכן, המשך בתא הבא",55377.34182,0.004298
214,9827,החזקה באפיק השקעה מובטח תשואה,"תא ללא תוכן, המשך בתא הבא","תא ללא תוכן, המשך בתא הבא",8543.22917,0.000663
214,9827,החזקה באפיק השקעה מובטח תשואה,"תא ללא תוכן, המשך בתא הבא","תא ללא תוכן, המשך בתא הבא",53655.99637,0.004165
214,9827,החזקה באפיק השקעה מובטח תשואה,"תא ללא תוכן, המשך בתא הבא","תא ללא תוכן, המשך בתא הבא",5100.46583,0.000395
214,9827,החזקה באפיק השקעה מובטח תשואה,"תא ללא תוכן, המשך בתא הבא","תא ללא תוכן, המשך בתא הבא",48665.36371,0.003777
214,9827,החזקה באפיק השקעה מובטח תשואה,"תא ללא תוכן, המשך בתא הבא","תא ללא תוכן, המשך בתא הבא",79051.04695,0.006136
214,9827,החזקה באפיק השקעה מובטח תשואה,"תא ללא תוכן, המשך בתא הבא","תא ללא תוכן, המשך בתא הבא",57997.7657,0.004502
214,9829,החזקה באפיק השקעה מובטח תשואה,"תא ללא תוכן, המשך בתא הבא","תא ללא תוכן, המשך בתא הבא",30021.87072,0.005208
214,9829,החזקה באפיק השקעה מובטח תשואה,"תא ללא תוכן, המשך בתא הבא","תא ללא תוכן, המשך בתא הבא",10180.36745,0.001766
214,9829,החזקה באפיק השקעה מובטח תשואה,"תא ללא תוכן, המשך בתא הבא","תא ללא תוכן, המשך בתא הבא",15031.78796,0.002607
214,9829,החזקה באפיק השקעה מובטח תשואה,"תא ללא תוכן, המשך בתא הבא","תא ללא תוכן, המשך בתא הבא",24100.82931,0.004181
214,9829,החזקה באפיק השקעה מובטח תשואה,"תא ללא תוכן, המשך בתא הבא","תא ללא תוכן, המשך בתא הבא",21668.60543,0.003759
214,9829,החזקה באפיק השקעה מובטח תשואה,"תא ללא תוכן, המשך בתא הבא","תא ללא תוכן, המשך בתא הבא",26695.25817,0.004631
214,9829,החזקה באפיק השקעה מובטח תשואה,"תא ללא תוכן, המשך בתא הבא","תא ללא תוכן, המשך בתא הבא",2290.99196,0.000397
214,9829,החזקה באפיק השקעה מובטח תשואה,"תא ללא תוכן, המשך בתא הבא","תא ללא תוכן, המשך בתא הבא",35507.60247,0.00616
214,9829,החזקה באפיק השקעה מובטח תשואה,"תא ללא תוכן, המשך בתא הבא","תא ללא תוכן, המשך בתא הבא",24720.68779,0.004288
214,9829,החזקה באפיק השקעה מובטח תשואה,"תא ללא תוכן, המשך בתא הבא","תא ללא תוכן, המשך בתא הבא",17907.20303,0.003106
214,9829,החזקה באפיק השקעה מובטח תשואה,"תא ללא תוכן, המשך בתא הבא","תא ללא תוכן, המשך בתא הבא",26051.03522,0.004519
214,9829,החזקה באפיק השקעה מובטח תשואה,"תא ללא תוכן, המשך בתא הבא","תא ללא תוכן, המשך בתא הבא",28644.51504,0.004969
214,9829,החזקה באפיק השקעה מובטח תשואה,"תא ללא תוכן, המשך בתא הבא","תא ללא תוכן, המשך בתא הבא",23814.30567,0.004131
214,9829,החזקה באפיק השקעה מובטח תשואה,"תא ללא תוכן, המשך בתא הבא","תא ללא תוכן, המשך בתא הבא",1014.58812,0.000176
214,9829,החזקה באפיק השקעה מובטח תשואה,"תא ללא תוכן, המשך בתא הבא","תא ללא תוכן, המשך בתא הבא",21859.17145,0.003792
214,9829,החזקה באפיק השקעה מובטח תשואה,"תא ללא תוכן, המשך בתא הבא","תא ללא תוכן, המשך בתא הבא",12935.11094,0.002244
214,9829,החזקה באפיק השקעה מובטח תשואה,"תא ללא תוכן, המשך בתא הבא","תא ללא תוכן, המשך בתא הבא",3837.38859,0.000665
214,9829,החזקה באפיק השקעה מובטח תשואה,"תא ללא תוכן, המשך בתא הבא","תא ללא תוכן, המשך בתא הבא",24874.01135,0.004315
214,9829,החזקה באפיק השקעה מובטח תשואה,"תא ללא תוכן, המשך בתא הבא","תא ללא תוכן, המשך בתא הבא",40200.42087,0.006974
214,9829,החזקה באפיק השקעה מובטח תשואה,"תא ללא תוכן, המשך בתא הבא","תא ללא תוכן, המשך בתא הבא",11689.95853,0.002028
214,9829,החזקה באפיק השקעה מובטח תשואה,"תא ללא תוכן, המשך בתא הבא","תא ללא תוכן, המשך בתא הבא",38754.07354,0.006723
214,9829,החזקה באפיק השקעה מובטח תשואה,"תא ללא תוכן, המשך בתא הבא","תא ללא תוכן, המשך בתא הבא",28649.9445,0.00497
214,9829,החזקה באפיק השקעה מובטח תשואה,"תא ללא תוכן, המשך בתא הבא","תא ללא תוכן, המשך בתא הבא",24667.25822,0.004279
214,9829,החזקה באפיק השקעה מובטח תשואה,"תא ללא תוכן, המשך בתא הבא","תא ללא תוכן, המשך בתא הבא",30686.75664,0.005323
214,9829,החזקה באפיק השקעה מובטח תשואה,"תא ללא תוכן, המשך בתא הבא","תא ללא תוכן, המשך בתא הבא",16209.5288,0.002812
214,9829,החזקה באפיק השקעה מובטח תשואה,"תא ללא תוכן, המשך בתא הבא","תא ללא תוכן, המשך בתא הבא",5132.00648,0.00089
214,9829,החזקה באפיק השקעה מובטח תשואה,"תא ללא תוכן, המשך בתא הבא","תא ללא תוכן, המשך בתא הבא",21939.77765,0.003806
283,283,התאמה לשווי ההוגן,"תא ללא תוכן, המשך בתא הבא","תא ללא תוכן, המשך בתא הבא",1e-05,0.0
214,8588,הגעת לשדה האחרון בשורה זו,,,,
662,12140,הגעת לשדה האחרון בשורה זו,,,,
662,13278,הגעת לשדה האחרון בשורה זו,,,,
662,13279,הגעת לשדה האחרון בשורה זו,,,,
662,13424,הגעת לשדה האחרון בשורה זו,,,,
662,13684,הגעת לשדה האחרון בשורה זו,,,,
662,13685,הגעת לשדה האחרון בשורה זו,,,,
662,14192,הגעת לשדה האחרון בשורה זו,,,,
662,14193,הגעת לשדה האחרון בשורה זו,,,,
662,14194,הגעת לשדה האחרון בשורה זו,,,,
662,15039,הגעת לשדה האחרון בשורה זו,,,,
662,15279,הגעת לשדה האחרון בשורה זו,,,,
662,15280,הגעת לשדה האחרון בשורה זו,,,,
662,15281,הגעת לשדה האחרון בשורה זו,,,,
662,15282,הגעת לשדה האחרון בשורה זו,,,,
662,2164,הגעת לשדה האחרון בשורה זו,,,,
662,2204,הגעת לשדה האחרון בשורה זו,,,,
662,9856,הגעת לשדה האחרון בשורה זו,,,,
662,9858,הגעת לשדה האחרון בשורה זו,,,,
662,9862,הגעת לשדה האחרון בשורה זו,,,,
